Sex,Length,Diameter,Height,Whole weight,Shucked weight,Viscera weight,Shell weight,Rings
M,0.515,0.35,medium,0.9225,0.4185,0.198,0.273,9
M,0.56,0.415,small,0.7615,0.3695,0.17,0.1955,8
F,0.55,0.445,medium,0.9905,0.544,0.17800000000000002,0.218,9
I,0.655,0.515,medium,1.25,0.5265,0.28300000000000003,0.315,15
I,0.405,0.31,tiny,0.91,0.41600000000000004,0.2075,0.0995,8
M,0.295,0.23,tiny,0.125,0.042,0.0285,0.043,8
F,0.485,0.37,tiny,0.4785,0.1995,0.0955,0.129,7
M,0.455,0.35,tiny,0.41600000000000004,0.1625,0.09699999999999999,0.145,11
I,0.355,0.27,tiny,0.21600000000000003,0.083,0.037000000000000005,0.075,10
I,0.515,0.4,small,0.659,0.2705,0.179,0.17,13
I,0.37,0.28,tiny,0.218,0.0995,0.0545,0.0615,7
F,0.53,0.415,medium,0.7775,0.237,0.1415,0.33,20
M,0.57,0.445,medium,0.9875,0.504,0.207,0.249,8
M,0.6,0.465,medium,1.038,0.4975,0.2205,0.251,9
I,0.475,0.365,tiny,,0.23199999999999998,0.0885,0.156,10
M,0.53,0.41,medium,0.7155,0.2805,0.1685,0.214,11
M,0.46,0.345,tiny,0.4595,0.235,0.0885,0.11599999999999999,7
I,0.5,0.385,tiny,0.596,0.3015,0.10400000000000001,0.151,8
M,0.715,0.52,large,1.6,0.708,0.3525,0.445,12
F,0.585,0.455,large,0.9945,0.4255,0.263,0.2845,11
F,0.65,0.59,large,1.662,0.77,0.37799999999999995,0.435,11
I,0.435,0.335,tiny,,0.156,0.05,0.1135,7
I,0.435,0.355,small,0.4075,0.1535,0.07400000000000001,0.165,9
M,0.595,0.46,large,,0.57,0.2555,0.265,10
I,0.57,0.44,medium,,0.3425,0.16,0.22399999999999998,8
M,0.63,0.515,medium,1.3519999999999999,0.488,0.349,0.45,20
M,0.635,0.525,large,1.4065,0.684,0.3,0.3745,10
I,0.39,0.29,tiny,0.2745,0.135,0.0455,0.078,8
F,0.67,0.55,medium,1.5659999999999998,0.858,0.33899999999999997,0.354,10
I,0.255,0.185,tiny,0.07400000000000001,0.0305,0.0165,0.02,4
M,0.64,0.5,large,1.4545,0.642,0.3575,0.354,9
M,0.39,0.3,tiny,0.3055,0.14300000000000002,0.0645,0.085,9
F,0.605,0.45,medium,1.2225,0.35700000000000004,0.20199999999999999,0.385,13
I,0.48,0.39,medium,0.6275,0.276,0.134,0.185,13
F,0.43,0.34,small,0.391,0.1555,0.095,0.1405,7
M,0.495,0.375,tiny,0.6245,0.282,0.14300000000000002,0.155,6
F,0.615,0.495,medium,1.0805,0.52,0.19,0.32,9
F,0.405,0.31,small,0.3095,0.138,0.057999999999999996,0.095,13
I,0.585,0.47,large,,0.3695,0.2395,0.315,10
F,0.535,0.4,medium,0.8045,0.3345,0.2125,0.21,13
F,0.67,0.54,medium,1.5015,0.518,0.358,0.505,14
M,0.6,0.5,medium,1.015,0.3995,0.1735,0.33,19
F,0.595,0.465,medium,0.7955,0.3425,0.1795,0.2425,10
M,0.605,0.475,large,1.2009999999999998,0.5395,0.275,0.309,10
F,0.51,0.395,small,0.6175,0.262,0.122,0.193,12
I,0.34,0.25,tiny,0.2225,0.10400000000000001,0.0425,0.055,7
I,0.515,0.35,tiny,0.4745,0.213,0.12300000000000001,0.1275,10
F,0.71,0.54,large,1.5805,0.802,0.287,0.435,10
F,0.685,0.535,large,1.5845,0.7175,0.3775,0.4215,9
I,0.36,0.26,tiny,0.1785,0.0645,0.037000000000000005,0.075,7
M,0.57,0.435,small,0.7535,0.349,0.1755,0.19399999999999998,10
M,0.65,0.5,small,1.238,0.6165,0.2355,0.32,8
F,0.58,0.465,medium,1.1015,0.40399999999999997,0.2095,0.35,11
F,0.47,0.365,tiny,0.4205,0.163,0.1035,0.14,9
M,0.64,0.505,medium,1.4435,0.6145,0.3035,0.39,18
F,0.595,0.47,medium,1.0155,0.491,0.1905,0.289,9
M,0.625,0.48,medium,1.2415,0.6575,0.2625,0.2785,9
F,0.475,0.38,small,0.6890000000000001,0.3165,0.1315,0.1955,7
M,0.59,0.46,small,1.102,0.455,0.2055,0.33,12
M,0.635,0.5,large,1.1540000000000001,0.4405,0.2315,0.387,9
M,0.69,0.525,large,1.7005,0.8255,0.36200000000000004,0.405,8
F,0.62,0.485,large,1.511,0.5095,0.284,0.51,17
F,0.515,0.4,large,0.7959999999999999,0.258,0.1755,0.28,16
M,0.5,0.405,small,0.6155,0.24100000000000002,0.1355,0.205,9
I,0.425,0.325,tiny,0.317,0.135,0.048,0.09,8
I,0.355,0.28,tiny,0.2905,0.095,0.0395,0.115,7
F,0.595,0.46,medium,1.0455,0.4565,0.24,0.3085,10
F,0.47,0.355,small,0.5465,0.2005,0.126,0.185,14
I,0.51,0.375,medium,0.8415,0.3845,0.156,0.255,10
I,0.53,0.43,small,0.677,0.298,0.0965,0.23,8
F,0.635,0.485,medium,1.2695,0.5635,0.3065,0.3395,11
I,0.32,0.205,tiny,0.18100000000000002,0.08800000000000001,0.034,0.0495,5
M,0.45,0.335,small,0.4625,0.16399999999999998,0.076,0.15,14
I,0.515,0.395,small,,0.32,0.14,0.17,8
M,0.6,0.495,large,1.0575,0.384,0.19,0.375,26
F,0.495,0.385,small,0.6625,0.3005,0.1635,0.185,11
M,0.54,0.435,small,0.7345,0.33,0.1595,0.213,9
M,0.35,0.255,tiny,0.179,0.0705,0.0385,0.06,10
F,0.51,0.37,large,1.183,0.508,0.292,0.34299999999999997,9
M,0.56,0.44,small,0.8255,0.2425,0.20199999999999999,0.285,10
I,0.485,0.355,small,0.581,0.245,0.132,0.168,12
I,0.495,0.33,tiny,0.44,0.177,0.095,0.15,7
F,0.665,0.51,large,1.3805,0.675,0.2985,0.325,10
F,0.515,0.39,small,,0.1975,0.13,0.1845,9
I,0.24,0.175,tiny,0.07,0.0315,0.0235,0.02,5
I,0.37,0.275,tiny,,0.094,0.045,0.065,7
M,0.595,0.48,large,1.1785,0.526,0.2975,0.314,10
I,0.465,0.37,tiny,0.534,0.261,0.098,0.14300000000000002,7
M,0.63,0.485,medium,1.062,0.5065,0.1785,0.3365,12
F,0.53,0.41,medium,0.8255,0.375,0.204,0.245,9
I,0.24,0.185,tiny,0.0655,0.0295,0.0005,0.02,4
F,0.65,0.515,large,1.4980000000000002,0.564,0.32299999999999995,0.425,16
F,0.57,0.435,small,0.8085,0.3235,0.183,0.22,16
M,0.585,0.455,small,0.97,0.462,0.185,0.295,9
M,0.575,0.475,medium,0.857,0.3665,0.17300000000000001,0.26899999999999996,9
M,0.725,0.55,large,1.51,0.8735,0.4265,0.5085,9
F,0.58,0.435,medium,0.8390000000000001,0.3485,0.207,0.192,7
M,0.54,0.42,small,,0.392,0.1455,0.2235,9
F,0.54,0.435,large,0.892,0.322,0.174,0.335,13
M,0.455,0.355,small,0.4745,0.1865,0.0935,0.168,13
M,0.66,0.515,large,1.5655,0.7345,0.353,0.386,9
I,0.375,0.28,tiny,0.226,0.105,0.047,0.065,6
I,0.475,0.35,small,0.4905,0.2035,0.13,0.135,7
M,0.59,0.47,medium,,0.48100000000000004,0.23199999999999998,0.24,8
I,0.37,0.275,tiny,0.2295,0.0885,0.0465,0.07,7
M,0.55,0.45,medium,1.0145,0.40700000000000003,0.2015,0.2875,10
I,0.385,0.265,tiny,0.251,0.124,0.037000000000000005,0.07,6
F,0.68,0.515,large,1.6185,0.5125,0.409,0.62,12
I,0.33,0.24,tiny,0.163,0.0745,0.033,0.048,6
F,0.595,0.43,large,1.5245,0.653,0.396,0.41,11
F,0.52,0.425,medium,0.9885,0.396,0.225,0.32,16
F,0.51,0.385,small,0.632,0.282,0.145,0.17,8
F,0.29,0.21,tiny,0.275,0.113,0.0675,0.035,6
I,0.33,0.255,tiny,0.1655,0.063,0.039,0.06,8
M,0.37,0.28,tiny,0.2225,0.0805,0.051,0.075,7
M,0.32,0.24,tiny,0.17,0.0655,0.047,0.049,7
I,0.37,0.28,tiny,,0.1095,0.035,0.062,6
F,0.655,0.5,small,,0.5405,0.3175,0.285,12
F,0.52,0.4,small,0.6245,0.215,0.2065,0.17,15
I,0.385,0.285,tiny,0.244,0.1215,0.0445,0.068,8
F,0.7,0.525,large,1.6465,0.8545,0.307,0.3995,9
I,0.54,0.425,small,0.6859999999999999,0.3475,0.1545,0.213,8
F,0.535,0.42,medium,0.7365,0.2785,0.18600000000000003,0.215,14
F,0.6,0.45,small,0.8690000000000001,0.3425,0.195,0.29100000000000004,11
M,0.525,0.43,medium,0.8645,0.376,0.1945,0.2515,16
M,0.385,0.305,tiny,0.2775,0.109,0.0515,0.1,9
F,0.55,0.465,large,1.2125,0.3245,0.205,0.525,27
I,0.375,0.26,tiny,0.2075,0.09,0.0415,0.07,6
I,0.54,0.4,medium,0.757,0.315,0.18100000000000002,0.215,11
F,0.62,0.51,large,1.1255,0.4985,0.22699999999999998,0.315,14
F,0.305,0.23,tiny,0.156,0.0675,0.0345,0.048,7
M,0.62,0.495,large,,0.579,0.34600000000000003,0.5195,15
M,0.49,0.385,small,0.609,0.3065,0.096,0.1775,8
M,0.655,0.54,medium,1.403,0.6955,0.2385,0.42,11
I,0.48,0.38,small,0.523,0.2105,0.1045,0.175,15
F,0.73,0.575,large,,0.9309999999999999,0.38,0.4825,12
I,0.59,0.475,medium,0.9745,0.4675,0.207,0.259,10
F,0.62,0.48,large,1.2215,0.5820000000000001,0.2695,0.313,12
F,0.53,0.425,small,0.7585,0.325,0.19699999999999998,0.205,8
F,0.625,0.49,large,1.1075,0.4485,0.2165,0.3595,8
M,0.59,0.465,medium,1.115,0.5165,0.273,0.275,10
F,0.51,0.4,small,0.7005,0.34700000000000003,0.1105,0.195,10
I,0.27,0.195,tiny,0.102,0.045,0.0135,0.034,8
M,0.475,0.375,small,0.593,0.27699999999999997,0.115,0.18,10
M,0.58,0.43,small,0.7979999999999999,0.365,0.17300000000000001,0.2285,10
F,0.435,0.325,tiny,,0.17800000000000002,0.0985,0.155,7
I,0.41,0.305,tiny,0.2645,0.1,0.0655,0.085,7
I,0.17,0.125,tiny,,0.009000000000000001,0.0055,0.008,6
F,0.64,0.525,large,1.7790000000000001,0.4535,0.2855,0.55,22
I,0.59,0.445,small,0.7715,0.32799999999999996,0.1745,0.23,9
M,0.385,0.255,tiny,0.3175,0.13699999999999998,0.068,0.092,8
M,0.455,0.375,small,,0.2155,0.102,0.165,7
I,0.28,0.2,tiny,0.1225,0.0545,0.0115,0.035,5
I,0.235,0.175,tiny,0.067,0.027000000000000003,0.0125,0.018000000000000002,6
F,0.625,0.52,large,1.354,0.4845,0.35100000000000003,0.375,11
I,0.44,0.33,small,0.4095,0.163,0.1005,0.11900000000000001,6
M,0.52,0.435,large,0.973,0.2985,0.2135,0.355,18
F,0.49,0.38,small,0.539,0.22899999999999998,0.1355,0.165,12
F,0.625,0.515,medium,1.264,0.5715,0.326,0.321,9
I,0.435,0.3,small,0.5965,0.259,0.139,0.1645,8
M,0.67,0.51,large,1.5945,0.6705,0.3845,0.4505,10
I,0.365,0.275,tiny,0.2345,0.10800000000000001,0.051,0.0625,7
M,0.595,0.48,small,0.9125,0.4095,0.1825,0.289,9
I,0.32,0.23,tiny,0.129,0.0615,0.0275,0.0355,7
F,0.595,0.475,large,1.247,0.48,0.225,0.425,20
I,0.45,0.335,tiny,0.3505,0.1615,0.0625,0.1185,7
M,0.67,0.55,large,,0.47200000000000003,0.2455,0.4,21
M,0.505,0.385,medium,0.6775,0.23600000000000002,0.179,0.2,15
F,0.525,0.41,medium,0.708,0.27399999999999997,0.151,0.25,12
F,0.495,0.4,medium,0.6445,0.242,0.1325,0.205,17
M,0.57,0.45,small,1.02,0.546,0.204,0.25,9
M,0.545,0.45,medium,,0.3365,0.1905,0.3,11
M,0.76,0.575,large,,0.7035,0.386,0.56,14
F,0.385,0.305,tiny,0.3315,0.1365,0.0745,0.1,7
M,0.61,0.47,medium,1.0325,0.49700000000000005,0.2175,0.2785,9
M,0.62,0.48,medium,1.0855,0.48100000000000004,0.2575,0.305,10
F,0.41,0.32,tiny,0.387,0.165,0.1005,0.0985,11
M,0.615,0.475,large,1.337,0.5995,0.2815,0.37,11
I,0.545,0.43,small,0.772,0.289,0.19,0.2615,8
I,0.245,0.175,tiny,0.0785,0.04,0.018000000000000002,0.02,5
M,0.51,0.4,small,0.6905,0.259,0.151,0.23,10
F,0.665,0.57,large,1.5219999999999998,0.6965,0.3025,0.405,13
M,0.59,0.44,medium,0.9555,0.366,0.2425,0.295,11
I,0.27,0.195,tiny,0.1065,0.0475,0.0225,0.0285,5
F,0.655,0.525,large,1.3595,0.564,0.3215,0.3985,10
F,0.535,0.41,small,,0.335,0.14400000000000002,0.2075,9
I,0.32,0.24,tiny,0.131,0.0615,0.0265,0.038,6
M,0.295,0.225,tiny,0.1385,0.048,0.046,0.05,9
F,0.55,0.43,small,0.9229999999999999,0.4035,0.175,0.28300000000000003,8
F,0.55,0.43,medium,0.655,0.2635,0.122,0.221,8
M,0.61,0.475,medium,1.168,0.5539999999999999,0.239,0.3295,10
I,0.16,0.11,tiny,0.018000000000000002,0.0065,0.0055,0.005,3
I,0.36,0.28,tiny,0.2255,0.0885,0.04,0.09,8
I,0.5,0.375,small,0.5495,0.248,0.11199999999999999,0.1585,7
M,0.6,0.455,large,1.1915,0.696,0.2395,0.24,8
M,0.615,0.48,large,1.36,0.5305,0.2375,0.47,18
F,0.555,0.425,small,0.7879999999999999,0.282,0.1595,0.285,11
I,0.435,0.335,tiny,0.33399999999999996,0.1355,0.0775,0.0965,7
F,0.695,0.535,large,1.5855,0.667,0.33399999999999996,0.47100000000000003,11
M,0.575,0.45,small,0.9215,0.354,0.209,0.2365,9
F,0.445,0.33,tiny,0.4525,0.18,0.10300000000000001,0.12300000000000001,9
M,0.66,0.525,large,1.4780000000000002,0.5815,0.381,0.37200000000000005,10
I,0.535,0.45,small,0.728,0.2845,0.1845,0.265,9
M,0.6,0.465,medium,1.0475,0.465,0.2345,0.315,11
M,0.695,0.53,large,1.726,0.7625,0.436,0.455,11
F,0.57,0.465,medium,0.872,0.3245,0.239,0.285,14
F,0.7,0.575,large,1.31,0.5095,0.314,0.42,14
M,0.665,0.5,large,1.2975,0.6075,0.314,0.315,9
M,0.475,0.37,small,0.537,0.222,0.1215,0.15,9
F,0.55,0.43,medium,0.785,0.289,0.22699999999999998,0.233,11
M,0.6,0.465,medium,1.262,0.6245,0.2455,0.33,10
M,0.535,0.41,small,0.6835,0.3125,0.1655,0.159,8
I,0.51,0.38,tiny,0.5155,0.215,0.1135,0.166,8
M,0.605,0.465,medium,1.056,0.4215,0.2475,0.34,13
I,0.545,0.435,small,,0.37200000000000005,0.14800000000000002,0.22699999999999998,8
F,0.66,0.525,large,1.463,0.6525,0.2995,0.42200000000000004,11
M,0.61,0.48,medium,1.2435,0.5575,0.2675,0.37200000000000005,8
I,0.315,0.235,tiny,0.1285,0.051,0.027999999999999997,0.0405,4
F,0.65,0.525,large,1.4225,0.61,0.2995,0.445,20
M,0.69,0.53,large,,0.6779999999999999,0.331,0.48,10
F,0.585,0.475,large,0.9585,0.4145,0.1615,0.33,11
I,0.54,0.415,tiny,0.619,0.2755,0.15,0.1765,10
I,0.47,0.37,small,0.4985,0.2095,0.1225,0.145,10
M,0.545,0.42,small,0.879,0.374,0.1695,0.23,13
M,0.36,0.295,small,0.2765,0.0895,0.057,0.1005,10
F,0.45,0.345,tiny,0.496,0.1905,0.11699999999999999,0.14,12
I,0.56,0.455,medium,0.9740000000000001,0.547,0.1615,0.235,9
M,0.6,0.495,large,1.1145,0.5055,0.2635,0.36700000000000005,11
F,0.63,0.5,large,1.1105,0.467,0.268,0.32899999999999996,10
I,0.29,0.21,tiny,0.1115,0.048,0.0205,0.03,5
M,0.765,0.6,large,2.302,1.0070000000000001,0.509,0.6205,12
I,0.66,0.525,large,1.786,0.6725,0.3615,0.4065,11
F,0.63,0.5,large,1.3135,0.5595,0.267,0.4,20
M,0.675,0.525,large,1.402,0.483,0.3205,0.465,16
I,0.465,0.355,small,0.5805,0.255,0.0915,0.184,8
I,0.465,0.355,tiny,0.4325,0.2005,0.07400000000000001,0.1275,9
M,0.6,0.47,medium,1.0590000000000002,0.504,0.24100000000000002,0.275,9
M,0.57,0.46,medium,1.0375,0.5415,0.2035,0.25,9
M,0.565,0.45,tiny,0.9085,0.39799999999999996,0.19699999999999998,0.29,17
M,0.565,0.455,medium,0.9595,0.4565,0.2395,0.23,9
F,0.605,0.455,medium,,0.46799999999999997,0.1775,0.275,9
M,0.63,0.47,medium,1.1355,0.539,0.2325,0.3115,12
M,0.55,0.43,medium,0.8745,0.413,0.1905,0.248,9
I,0.46,0.345,tiny,0.3755,0.1525,0.057999999999999996,0.125,7
F,0.66,0.525,large,1.3665,0.5005,0.29100000000000004,0.41,18
F,0.47,0.36,tiny,0.4705,0.1635,0.08900000000000001,0.1385,8
M,0.37,0.28,tiny,0.22399999999999998,0.0815,0.0575,0.075,8
F,0.57,0.445,medium,1.0170000000000001,0.5265,0.2025,0.265,10
F,0.605,0.515,large,,0.6,0.2945,0.3315,9
F,0.63,0.49,large,1.2155,0.4625,0.2045,0.3105,10
M,0.625,0.49,medium,1.205,0.5175,0.3105,0.3465,10
I,0.55,0.42,medium,0.912,0.495,0.1805,0.205,9
M,0.54,0.415,small,0.8245,0.272,0.226,0.24,13
F,0.655,0.54,large,1.5555,0.695,0.29600000000000004,0.444,11
F,0.57,0.46,large,1.1,0.4125,0.2205,0.38,14
I,0.57,0.43,medium,0.833,0.354,0.14400000000000002,0.2815,10
M,0.265,0.2,tiny,0.084,0.034,0.0105,0.03,7
I,0.075,0.055,tiny,0.002,0.001,0.0005,0.0015,1
I,0.475,0.36,small,,0.205,0.1305,0.125,8
M,0.575,0.45,small,0.785,0.318,0.193,0.2265,9
M,0.615,0.505,medium,,0.4895,0.2955,0.345,10
F,0.505,0.39,small,0.5445,0.24600000000000002,0.15,0.1405,7
M,0.5,0.4,small,,0.336,0.12,0.1825,7
F,0.46,0.375,small,0.4915,0.2205,0.08800000000000001,0.17,7
F,0.57,0.455,medium,1.0595,0.44,0.2195,0.285,14
I,0.515,0.42,small,0.711,0.337,0.14400000000000002,0.205,13
I,0.52,0.41,tiny,0.5185,0.2165,0.0915,0.184,8
M,0.6,0.475,large,,0.522,0.2235,0.36,11
F,0.735,0.565,large,2.037,0.87,0.5145,0.5675,13
F,0.625,0.49,medium,1.2085,0.465,0.162,0.41100000000000003,11
I,0.35,0.28,tiny,0.196,0.08199999999999999,0.04,0.064,8
F,0.68,0.55,large,1.7445,0.5975,0.305,0.625,17
M,0.645,0.51,large,1.4865,0.6445,0.29600000000000004,0.425,12
I,0.475,0.35,tiny,0.4565,0.20600000000000002,0.099,0.13,6
M,0.545,0.41,small,0.737,0.349,0.15,0.212,9
M,0.475,0.36,small,0.5135,0.24100000000000002,0.1045,0.155,8
M,0.64,0.525,large,1.3135,0.4865,0.2995,0.4075,10
F,0.72,0.565,large,1.6130000000000002,0.723,0.3255,0.4945,12
I,0.45,0.36,small,0.45,0.191,0.0865,0.145,12
F,0.615,0.485,medium,1.1575,0.5005,0.2495,0.315,10
M,0.705,0.555,large,2.141,1.0465,0.38299999999999995,0.528,11
F,0.44,0.355,tiny,0.415,0.1585,0.0925,0.131,11
M,0.615,0.46,large,,0.4815,0.272,0.27,10
M,0.68,0.52,large,1.4535,0.5920000000000001,0.391,0.4125,10
I,0.545,0.4,small,0.6859999999999999,0.3285,0.1455,0.18,9
M,0.545,0.42,small,0.9745,0.353,0.174,0.305,13
M,0.37,0.28,tiny,,0.0905,0.0585,0.075,9
I,0.395,0.31,tiny,,0.131,0.07200000000000001,0.09300000000000001,7
M,0.515,0.4,medium,0.8175,0.2515,0.156,0.3,23
F,0.455,0.365,tiny,0.385,0.166,0.046,0.1345,13
I,0.37,0.28,tiny,0.2565,0.1255,0.0645,0.0645,6
M,0.635,0.48,medium,1.181,0.665,0.22899999999999998,0.225,10
I,0.165,0.12,tiny,0.021,0.0075,0.0045,0.013999999999999999,3
M,0.46,0.35,small,0.5165,0.1885,0.1145,0.185,9
F,0.705,0.55,large,,0.633,0.4115,0.49,13
M,0.61,0.485,large,1.281,0.597,0.3035,0.33,9
M,0.68,0.535,large,1.607,0.7245,0.3215,0.498,12
F,0.645,0.48,large,1.371,0.6925,0.2905,0.35,12
I,0.545,0.42,small,0.7170000000000001,0.358,0.11199999999999999,0.22,8
I,0.38,0.275,tiny,0.2255,0.08,0.049,0.085,10
F,0.565,0.45,small,0.9885,0.387,0.1495,0.31,12
I,0.55,0.445,small,0.672,0.28800000000000003,0.1365,0.21,11
F,0.705,0.555,large,1.7525,0.7105,0.4215,0.516,12
M,0.575,0.435,small,0.8455,0.401,0.191,0.222,9
I,0.46,0.345,tiny,0.4215,0.1895,0.102,0.111,6
M,0.69,0.515,large,1.8445,0.9815,0.4655,0.341,13
M,0.595,0.465,large,1.115,0.4015,0.254,0.39,13
M,0.57,0.455,medium,0.9520000000000001,0.3895,0.2155,0.2745,9
I,0.385,0.29,tiny,0.2615,0.111,0.0595,0.0745,9
F,0.67,0.505,large,1.3645,0.6075,0.3025,0.353,9
F,0.44,0.345,large,0.4085,0.15,0.0825,0.1515,12
M,0.645,0.495,large,1.5390000000000001,0.6115,0.408,0.445,12
M,0.465,0.35,small,,0.2015,0.1625,0.185,11
F,0.56,0.43,medium,0.8825,0.3465,0.172,0.31,9
I,0.44,0.35,small,0.375,0.1425,0.0965,0.115,9
F,0.63,0.475,medium,1.072,0.433,0.2975,0.315,8
F,0.63,0.505,large,1.306,0.516,0.3305,0.375,9
F,0.8,0.63,large,2.526,0.9329999999999999,0.59,0.62,23
F,0.565,0.44,medium,0.983,0.4475,0.2355,0.2485,9
M,0.65,0.495,large,1.7930000000000001,0.8005,0.33899999999999997,0.53,14
M,0.455,0.34,small,0.462,0.1675,0.158,0.12,9
M,0.465,0.36,tiny,0.431,0.172,0.107,0.175,9
F,0.65,0.545,large,1.7519999999999998,0.5605,0.2895,0.815,16
I,0.325,0.25,tiny,,0.0765,0.0345,0.049,7
M,0.64,0.585,large,1.6469999999999998,0.7225,0.331,0.47100000000000003,12
M,0.58,0.445,small,0.8140000000000001,0.3775,0.1915,0.22,9
M,0.41,0.31,small,0.3595,0.1415,0.0885,0.115,11
M,0.7,0.53,large,,0.5479999999999999,0.233,0.42,18
M,0.56,0.45,large,1.011,0.3835,0.2065,0.37,15
I,0.43,0.34,tiny,0.4405,0.2385,0.0745,0.1075,6
M,0.705,0.56,medium,1.675,0.797,0.4095,0.38799999999999996,10
I,0.455,0.33,tiny,0.37200000000000005,0.358,0.0775,0.11,8
F,0.625,0.485,medium,1.0945,0.531,0.261,0.29600000000000004,10
F,0.725,0.565,large,2.1425,1.03,0.48700000000000004,0.503,14
I,0.225,0.165,tiny,0.059000000000000004,0.027000000000000003,0.0125,0.015,4
I,0.605,0.47,small,0.9390000000000001,0.3385,0.201,0.32,13
F,0.535,0.435,medium,0.8105,0.3155,0.1795,0.24,10
M,0.59,0.47,medium,1.206,0.479,0.2425,0.309,8
F,0.575,0.48,medium,1.078,0.511,0.2095,0.306,9
F,0.535,0.415,large,0.8415,0.314,0.1585,0.3,15
I,0.42,0.315,tiny,0.4025,0.1855,0.083,0.1015,8
I,0.37,0.27,tiny,0.23199999999999998,0.1325,0.040999999999999995,0.0615,6
F,0.605,0.505,large,1.4340000000000002,0.7285,0.264,0.431,11
M,0.515,0.42,small,0.769,0.2505,0.154,0.29,13
I,0.555,0.425,large,,0.3695,0.2005,0.255,11
M,0.585,0.475,medium,1.065,0.5315,0.19899999999999998,0.2885,10
M,0.515,0.395,small,1.0070000000000001,0.47200000000000003,0.2495,0.252,8
F,0.585,0.455,small,0.8755,0.41100000000000003,0.2065,0.225,8
F,0.52,0.405,small,0.627,0.2645,0.1415,0.18100000000000002,11
F,0.465,0.36,small,0.4765,0.192,0.1125,0.16,10
I,0.425,0.3,tiny,0.3515,0.141,0.0775,0.12,8
M,0.53,0.435,medium,0.883,0.316,0.16399999999999998,0.335,15
I,0.375,0.275,tiny,0.22,0.109,0.05,0.0605,7
I,0.52,0.41,medium,0.6459999999999999,0.2965,0.1595,0.165,9
I,0.62,0.485,large,1.208,0.4805,0.3045,0.33,15
M,0.665,0.52,large,1.3725,0.606,0.32,0.395,12
F,0.595,0.44,small,0.9640000000000001,0.5005,0.1715,0.2575,10
I,0.375,0.29,tiny,,0.0925,0.038,0.075,6
F,0.645,0.48,large,1.1345,0.528,0.254,0.305,10
F,0.57,0.45,medium,0.9715,0.3965,0.255,0.26,12
I,0.57,0.445,medium,0.867,0.3705,0.1705,0.28,9
M,0.64,0.485,medium,1.006,0.456,0.2245,0.2835,9
F,0.56,0.445,medium,1.224,0.5565,0.3225,0.2695,10
I,0.38,0.3,tiny,,0.1305,0.055999999999999994,0.09,7
M,0.62,0.46,large,1.127,0.535,0.2635,0.29600000000000004,7
F,0.615,0.475,medium,1.004,0.4475,0.193,0.2895,10
M,0.67,0.525,large,1.6615,0.8005,0.3645,0.43,10
I,0.41,0.3,tiny,0.282,0.1255,0.057,0.0875,7
F,0.505,0.385,small,,0.251,0.1175,0.2,12
M,0.655,0.52,large,1.492,0.7185,0.36,0.355,11
M,0.695,0.545,large,1.5715,0.6645,0.3835,0.4505,13
I,0.54,0.42,small,0.6665,0.3125,0.138,0.1895,10
F,0.68,0.55,large,1.473,0.713,0.282,0.4295,11
F,0.405,0.325,tiny,0.3555,0.151,0.063,0.11699999999999999,9
I,0.445,0.345,small,0.4035,0.16899999999999998,0.0825,0.13,7
I,0.55,0.425,medium,0.8059999999999999,0.376,0.171,0.245,14
F,0.575,0.425,medium,0.8765,0.455,0.18,0.228,8
F,0.545,0.44,small,,0.429,0.2015,0.2375,10
I,0.475,0.36,tiny,0.452,0.191,0.099,0.13,8
M,0.52,0.42,medium,0.745,0.255,0.157,0.2885,11
I,0.44,0.355,small,0.495,0.231,0.11,0.125,7
F,0.635,0.49,large,1.2435,0.5805,0.313,0.305,10
M,0.615,0.505,medium,1.34,0.5315,0.2815,0.41,12
I,0.34,0.265,tiny,0.185,0.0625,0.0395,0.07,7
M,0.505,0.39,tiny,0.5585,0.2575,0.11900000000000001,0.1535,8
I,0.37,0.29,tiny,0.2545,0.10800000000000001,0.0565,0.07,6
M,0.53,0.405,small,0.6515,0.2715,0.1605,0.18600000000000003,7
F,0.68,0.5,large,1.7409999999999999,0.7665,0.3255,0.4685,12
M,0.45,0.32,tiny,0.381,0.1705,0.075,0.115,9
F,0.66,0.52,large,1.514,0.526,0.2975,0.42,19
M,0.73,0.575,large,,0.9285,0.409,0.643,11
F,0.575,0.47,medium,0.8690000000000001,0.435,0.19699999999999998,0.23800000000000002,9
M,0.325,0.23,tiny,0.147,0.06,0.034,0.045,4
M,0.55,0.41,medium,0.785,0.282,0.18600000000000003,0.275,12
M,0.585,0.465,large,1.171,0.3905,0.2355,0.4,17
I,0.53,0.395,small,0.575,0.247,0.115,0.183,9
F,0.56,0.45,medium,1.0235,0.429,0.268,0.3,10
M,0.69,0.55,large,1.777,0.769,0.38,0.4305,11
M,0.59,0.47,medium,0.861,0.413,0.16399999999999998,0.249,8
I,0.525,0.405,medium,0.6965,0.3045,0.1535,0.21,8
M,0.645,0.51,medium,1.33,0.6665,0.309,0.317,9
M,0.635,0.51,medium,0.986,0.405,0.2255,0.31,10
I,0.435,0.32,tiny,0.3325,0.1485,0.0635,0.105,9
F,0.73,0.55,large,1.9080000000000001,0.5415,0.3565,0.5965,14
I,0.515,0.385,small,0.6115,0.3175,0.1265,0.15,8
M,0.635,0.52,large,1.2919999999999998,0.6,0.26899999999999996,0.36700000000000005,11
M,0.58,0.45,medium,0.8275,0.321,0.1975,0.2445,8
I,0.44,0.35,small,,0.1815,0.083,0.125,12
M,0.645,0.5,large,1.401,0.6165,0.3515,0.3725,10
I,0.2,0.145,tiny,0.0345,0.011000000000000001,0.0075,0.01,5
F,0.745,0.57,large,2.25,1.1565,0.446,0.5579999999999999,9
F,0.75,0.61,large,2.5085,1.232,0.519,0.612,14
M,0.59,0.475,medium,1.077,0.4545,0.244,0.3095,9
M,0.645,0.515,large,1.5415,0.47100000000000003,0.369,0.535,13
I,0.225,0.17,tiny,0.0565,0.024,0.013000000000000001,0.016,4
M,0.4,0.32,tiny,0.303,0.1335,0.06,0.1,7
F,0.63,0.515,medium,,0.5529999999999999,0.3205,0.35,11
F,0.49,0.375,small,0.6125,0.2555,0.102,0.22,11
F,0.655,0.5,large,1.528,0.6215,0.3725,0.4535,11
I,0.44,0.35,tiny,,0.1575,0.0895,0.115,6
F,0.53,0.425,large,0.9490000000000001,0.3485,0.2395,0.278,17
F,0.465,0.35,small,0.6265,0.259,0.1445,0.175,8
I,0.33,0.265,tiny,0.18,0.068,0.036000000000000004,0.06,6
M,0.455,0.35,small,,0.1815,0.14400000000000002,0.16,11
M,0.52,0.425,small,0.79,0.37200000000000005,0.205,0.19,8
I,0.425,0.325,tiny,0.3335,0.17300000000000001,0.045,0.1,7
I,0.54,0.39,small,0.6255,0.2525,0.158,0.19,8
I,0.46,0.355,tiny,0.4255,0.2015,0.081,0.13,7
M,0.515,0.455,small,0.7225,0.295,0.1625,0.235,9
I,0.47,0.375,small,0.5225,0.2265,0.10400000000000001,0.162,8
M,0.675,0.525,large,1.587,0.6935,0.336,0.395,13
F,0.65,0.5,large,1.464,0.6415,0.33899999999999997,0.4245,9
I,0.325,0.25,tiny,0.1585,0.075,0.0305,0.0455,6
F,0.655,0.515,large,,0.7255,0.309,0.405,12
I,0.365,0.265,tiny,0.213,0.0945,0.049,0.06,7
M,0.575,0.445,medium,0.8390000000000001,0.4005,0.198,0.239,9
F,0.585,0.45,medium,1.077,0.4995,0.2875,0.25,10
M,0.605,0.455,medium,,0.5329999999999999,0.273,0.271,10
I,0.44,0.34,tiny,0.369,0.16399999999999998,0.08,0.1015,5
F,0.5,0.37,small,0.45,0.1715,0.1055,0.155,9
M,0.72,0.58,large,,0.9955,0.478,0.5305,13
M,0.52,0.4,tiny,0.872,0.4515,0.1615,0.1985,9
M,0.63,0.505,medium,1.3165,0.6325,0.2465,0.37,11
I,0.35,0.27,tiny,,0.1,0.036000000000000004,0.065,6
M,0.565,0.45,medium,1.0595,0.4735,0.24,0.265,10
M,0.62,0.48,medium,1.0725,0.4815,0.235,0.312,9
I,0.45,0.335,tiny,0.3935,0.195,0.071,0.11,7
F,0.63,0.48,medium,1.2615,0.5505,0.27699999999999997,0.3885,10
M,0.685,0.545,large,1.7925,0.8145,0.41600000000000004,0.461,9
M,0.61,0.47,medium,1.1625,0.565,0.258,0.3085,11
I,0.325,0.245,tiny,0.161,0.0755,0.0255,0.045,6
F,0.61,0.495,large,1.1085,0.3705,0.3135,0.33,12
F,0.585,0.46,medium,1.058,0.486,0.25,0.294,9
M,0.59,0.45,medium,0.998,0.445,0.214,0.301,9
M,0.535,0.415,small,0.78,0.3165,0.16899999999999998,0.2365,8
M,0.63,0.53,large,1.2795,0.618,0.256,0.315,9
I,0.23,0.17,tiny,0.057,0.026000000000000002,0.013000000000000001,0.016,5
M,0.62,0.495,large,1.806,0.643,0.3285,0.725,17
M,0.625,0.495,medium,1.0485,0.48700000000000004,0.212,0.3215,11
M,0.625,0.5,large,,0.4615,0.258,0.305,10
F,0.65,0.505,medium,,0.5725,0.281,0.43,11
F,0.465,0.35,small,0.494,0.1945,0.10300000000000001,0.155,18
M,0.45,0.335,small,0.4475,0.2165,0.126,0.11,6
F,0.57,0.45,small,0.7805,0.3345,0.185,0.21,8
F,0.65,0.545,large,1.5245,0.59,0.326,0.495,10
M,0.56,0.44,medium,1.1115,0.5035,0.2785,0.26,10
I,0.355,0.28,tiny,0.2275,0.0935,0.0455,0.085,11
F,0.545,0.41,small,0.7405,0.3565,0.1775,0.203,9
I,0.46,0.36,tiny,0.4635,0.2325,0.09300000000000001,0.115,7
I,0.505,0.4,medium,0.7045,0.33399999999999996,0.1425,0.207,8
M,0.65,0.485,small,1.175,0.475,0.2435,0.215,8
I,0.39,0.28,tiny,0.215,0.0845,0.034,0.079,8
F,0.505,0.39,tiny,0.66,0.3045,0.1555,0.175,8
M,0.59,0.435,medium,0.9765,0.4525,0.2395,0.235,9
I,0.4,0.29,tiny,0.32899999999999996,0.188,0.0455,0.0825,6
F,0.6,0.45,medium,0.9625,0.4375,0.2225,0.2775,9
M,0.55,0.42,medium,,0.6325,0.311,0.344,10
I,0.28,0.2,tiny,0.0895,0.036000000000000004,0.0185,0.03,7
F,0.64,0.5,large,1.3940000000000001,0.4935,0.29100000000000004,0.4,10
M,0.47,0.37,large,0.51,0.1915,0.1285,0.1625,9
F,0.485,0.375,small,0.556,0.1925,0.1315,0.1685,10
F,0.625,0.42,medium,1.0595,0.358,0.165,0.445,21
I,0.29,0.21,tiny,0.09699999999999999,0.0375,0.022000000000000002,0.03,6
M,0.49,0.355,medium,0.981,0.465,0.2015,0.2505,8
I,0.44,0.345,small,0.4495,0.209,0.0835,0.134,6
F,0.66,0.525,large,1.67,0.6525,0.4875,0.49,11
M,0.47,0.375,small,0.5565,0.226,0.122,0.195,12
F,0.565,0.45,large,,0.406,0.2505,0.285,15
M,0.3,0.24,tiny,0.161,0.0725,0.039,0.05,6
I,0.34,0.26,tiny,,0.0815,0.0335,0.06,6
M,0.685,0.51,large,1.4545,0.6315,0.3105,0.3725,9
M,0.33,0.215,tiny,,0.045,0.0265,0.035,6
F,0.545,0.445,large,0.8525,0.3465,0.18899999999999997,0.295,13
I,0.39,0.29,tiny,0.2625,0.11699999999999999,0.054000000000000006,0.077,7
I,0.605,0.495,medium,1.054,0.369,0.2255,0.36,12
F,0.56,0.44,medium,0.6405,0.336,0.1765,0.245,8
I,0.395,0.3,small,0.2995,0.1265,0.068,0.0895,8
I,0.39,0.3,tiny,0.3265,0.1665,0.0575,0.08900000000000001,7
I,0.295,0.21,tiny,0.1,0.038,0.026000000000000002,0.031,8
M,0.695,0.55,large,1.9565,0.7125,0.541,0.59,14
F,0.535,0.425,small,0.7709999999999999,0.3765,0.1815,0.1795,8
I,0.425,0.325,tiny,0.3685,0.162,0.0865,0.1045,7
M,0.525,0.435,medium,1.065,0.486,0.233,0.285,8
F,0.53,0.42,small,0.627,0.2905,0.1165,0.183,8
M,0.63,0.49,large,1.13,0.45799999999999996,0.2765,0.315,12
M,0.34,0.265,tiny,,0.077,0.046,0.065,10
F,0.505,0.4,medium,0.7290000000000001,0.2675,0.155,0.25,9
I,0.565,0.46,medium,,0.3755,0.215,0.25,10
F,0.64,0.515,medium,1.3115,0.4945,0.2555,0.41,10
F,0.615,0.475,medium,1.0270000000000001,0.447,0.25,0.285,9
F,0.65,0.515,large,,0.5195,0.36,0.44,13
F,0.49,0.375,medium,0.5755,0.22,0.14400000000000002,0.19,9
I,0.44,0.31,tiny,0.3625,0.134,0.08199999999999999,0.12,11
F,0.55,0.44,medium,0.8945,0.3145,0.151,0.32,19
M,0.7,0.545,large,1.9125,0.8825,0.4385,0.506,10
I,0.175,0.125,tiny,0.0235,0.008,0.0035,0.008,5
M,0.56,0.45,small,0.9,0.47200000000000003,0.182,0.218,7
M,0.59,0.46,small,1.004,0.496,0.2165,0.26,9
F,0.6,0.46,medium,0.9325,0.3985,0.2245,0.248,8
F,0.525,0.405,medium,0.6579999999999999,0.2655,0.1125,0.225,12
F,0.615,0.475,medium,1.023,0.4905,0.1955,0.3035,12
I,0.45,0.34,tiny,,0.21,0.0925,0.12,8
F,0.65,0.51,large,1.35,0.575,0.3155,0.3885,10
I,0.495,0.4,medium,0.578,0.2545,0.1305,0.1645,8
I,0.545,0.43,medium,0.7285,0.302,0.1315,0.2545,10
M,0.64,0.495,medium,1.307,0.6779999999999999,0.292,0.266,11
F,0.405,0.305,tiny,,0.1455,0.0895,0.1,9
I,0.28,0.21,tiny,0.1075,0.0415,0.024,0.034,5
M,0.445,0.34,small,0.4475,0.193,0.1035,0.13,9
I,0.35,0.265,tiny,0.2,0.09,0.042,0.06,7
I,0.34,0.255,tiny,0.18,0.0745,0.04,0.0525,6
M,0.535,0.405,small,0.7315,0.336,0.156,0.19,7
M,0.61,0.45,large,1.0805,0.517,0.2495,0.2935,10
I,0.47,0.375,tiny,0.441,0.16699999999999998,0.0865,0.145,10
I,0.255,0.18,tiny,0.083,0.031,0.0215,0.02,4
M,0.665,0.515,large,1.6385,0.831,0.3575,0.371,11
I,0.495,0.375,tiny,0.5755,0.31,0.1145,0.1395,8
F,0.53,0.455,medium,0.9805,0.3155,0.2815,0.2965,11
F,0.555,0.43,small,0.812,0.4055,0.163,0.2215,9
M,0.685,0.52,medium,1.3735,0.7185,0.293,0.32,11
M,0.6,0.47,medium,0.9279999999999999,0.4225,0.183,0.275,8
M,0.74,0.58,large,,0.8155,0.4695,0.488,12
M,0.665,0.525,medium,1.3575,0.5325,0.3045,0.4485,10
F,0.535,0.4,medium,1.224,0.618,0.275,0.2875,10
F,0.45,0.36,small,0.5065,0.222,0.105,0.16,10
I,0.61,0.465,medium,0.9605,0.4495,0.1725,0.28600000000000003,9
I,0.47,0.37,small,,0.1845,0.1055,0.155,12
M,0.55,0.45,small,0.92,0.37799999999999995,0.2385,0.29,11
M,0.695,0.55,large,1.6645,0.727,0.36,0.445,11
F,0.58,0.44,small,0.7855,0.363,0.1955,0.195,11
M,0.45,0.335,small,0.478,0.1865,0.115,0.16,11
M,0.6,0.48,tiny,1.05,0.457,0.2685,0.28,8
I,0.28,0.205,tiny,0.1135,0.045,0.0275,0.0335,7
I,0.465,0.345,tiny,0.4015,0.242,0.0345,0.109,6
I,0.315,0.23,tiny,0.16399999999999998,0.0625,0.04,0.045,6
I,0.4,0.3,tiny,0.2815,0.1185,0.061,0.08,7
F,0.62,0.495,large,,0.37200000000000005,0.213,0.34,11
I,0.37,0.29,tiny,0.25,0.1025,0.0505,0.085,10
M,0.62,0.46,medium,0.9505,0.4915,0.2,0.228,9
M,0.495,0.38,small,0.6295,0.263,0.1425,0.215,12
M,0.35,0.265,tiny,0.2265,0.0995,0.0575,0.065,6
F,0.34,0.255,tiny,0.204,0.09699999999999999,0.021,0.05,6
I,0.435,0.325,small,0.34600000000000003,0.159,0.084,0.095,7
M,0.31,0.235,tiny,0.12,0.0415,0.033,0.04,11
I,0.385,0.285,tiny,0.248,0.0935,0.066,0.07,6
M,0.585,0.405,medium,1.2565,0.435,0.20199999999999999,0.325,15
I,0.455,0.355,tiny,,0.2165,0.0995,0.125,9
F,0.58,0.45,large,0.9955,0.3945,0.272,0.285,11
M,0.61,0.475,medium,,0.62,0.237,0.245,9
I,0.15,0.1,tiny,0.015,0.0045,0.004,0.005,2
F,0.49,0.37,small,0.585,0.243,0.115,0.195,10
M,0.57,0.435,small,0.8965,0.38299999999999995,0.1835,0.275,9
F,0.64,0.51,large,1.3905,0.61,0.3315,0.41,12
M,0.57,0.46,small,0.9535,0.4465,0.2065,0.245,12
I,0.61,0.48,medium,1.097,0.4215,0.264,0.335,13
M,0.57,0.45,small,,0.47700000000000004,0.1605,0.2515,8
M,0.53,0.405,small,0.738,0.2845,0.17,0.193,9
F,0.655,0.515,large,,0.8485,0.2635,0.331,11
I,0.495,0.375,small,0.494,0.18100000000000002,0.0975,0.191,8
F,0.545,0.385,medium,1.1185,0.5425,0.2445,0.2845,9
M,0.585,0.455,large,1.055,0.3815,0.221,0.365,15
I,0.57,0.42,small,0.7745,0.3535,0.1505,0.2365,9
F,0.565,0.44,medium,0.863,0.435,0.149,0.27,9
I,0.43,0.34,small,0.3575,0.151,0.0645,0.1045,9
F,0.67,0.515,large,1.4265,0.6605,0.3395,0.37,11
M,0.475,0.365,small,0.6175,0.20199999999999999,0.1445,0.19,16
M,0.625,0.505,large,1.131,0.5425,0.2265,0.32299999999999995,8
I,0.61,0.49,medium,1.1545,0.5865,0.2385,0.2915,11
F,0.61,0.485,large,,0.5125,0.22899999999999998,0.305,11
I,0.425,0.31,tiny,0.365,0.159,0.0825,0.105,6
I,0.525,0.4,small,0.6955,0.2405,0.16,0.253,10
I,0.555,0.43,small,0.7665,0.341,0.165,0.23,9
F,0.345,0.26,tiny,0.207,0.0775,0.0435,0.0765,10
F,0.55,0.415,large,1.1655,0.502,0.301,0.311,9
I,0.37,0.29,tiny,,0.08900000000000001,0.0655,0.075,7
M,0.575,0.48,medium,0.9465,0.4355,0.2605,0.2505,9
M,0.62,0.49,medium,1.035,0.44,0.2525,0.285,11
F,0.47,0.365,small,0.5429999999999999,0.2295,0.1495,0.15,9
F,0.58,0.475,small,0.925,0.391,0.165,0.275,14
F,0.615,0.5,medium,1.327,0.6,0.3015,0.355,10
M,0.575,0.455,small,0.907,0.4245,0.19699999999999998,0.26,9
M,0.59,0.48,medium,1.262,0.5685,0.2725,0.335,9
I,0.535,0.415,medium,0.5765,0.3595,0.135,0.225,8
M,0.62,0.48,medium,1.266,0.6285,0.2575,0.309,12
I,0.335,0.255,tiny,0.168,0.079,0.0355,0.05,5
I,0.325,0.25,tiny,0.166,0.076,0.051,0.045,5
I,0.34,0.26,tiny,0.179,0.076,0.0525,0.055,6
F,0.505,0.405,medium,0.6835,0.271,0.145,0.215,10
M,0.66,0.505,large,1.6305,0.4865,0.297,0.61,18
F,0.57,0.46,small,0.9795,0.397,0.2525,0.2655,9
I,0.59,0.47,medium,0.9740000000000001,0.45299999999999996,0.23600000000000002,0.289,8
M,0.62,0.48,medium,1.0765,0.41200000000000003,0.253,0.3,13
M,0.5,0.38,small,0.5765,0.273,0.135,0.145,9
I,0.57,0.45,small,0.794,0.3815,0.1415,0.245,8
F,0.565,0.44,medium,0.9395,0.4275,0.214,0.27,12
I,0.455,0.355,tiny,,0.138,0.0765,0.135,9
M,0.575,0.46,medium,0.892,0.4415,0.17600000000000002,0.22,10
F,0.575,0.465,large,0.9965,0.41700000000000004,0.247,0.47,8
M,0.635,0.525,medium,1.195,0.5435,0.24600000000000002,0.335,12
F,0.57,0.425,small,0.782,0.3695,0.1745,0.1965,8
M,0.69,0.505,large,,0.893,0.4015,0.48,10
I,0.195,0.15,tiny,0.0375,0.018000000000000002,0.006,0.011000000000000001,3
M,0.67,0.525,large,1.4915,0.728,0.34299999999999997,0.381,9
I,0.365,0.27,tiny,,0.0815,0.0325,0.065,6
F,0.64,0.505,large,1.2765,0.4835,0.32799999999999996,0.4,12
I,0.52,0.38,small,0.525,0.1775,0.115,0.185,11
F,0.57,0.45,large,0.9555,0.38,0.1665,0.295,18
M,0.635,0.49,large,1.375,0.623,0.2705,0.395,11
M,0.62,0.49,medium,1.195,0.4605,0.302,0.355,9
I,0.4,0.3,tiny,0.2985,0.1375,0.071,0.075,6
M,0.575,0.455,medium,0.867,0.3765,0.1805,0.268,8
M,0.61,0.48,small,1.0625,0.516,0.225,0.2915,11
M,0.595,0.455,large,1.3305,0.4595,0.3235,0.345,19
I,0.32,0.255,tiny,0.1755,0.073,0.0415,0.065,7
F,0.62,0.51,large,1.2329999999999999,0.5920000000000001,0.27399999999999997,0.322,10
M,0.605,0.5,large,1.0979999999999999,0.4765,0.23199999999999998,0.375,12
I,0.47,0.355,large,,0.2055,0.105,0.1505,8
F,0.59,0.465,medium,1.151,0.613,0.239,0.2515,9
F,0.57,0.495,medium,1.0915,0.452,0.275,0.315,14
M,0.72,0.545,large,1.7475,0.8215,0.38299999999999995,0.4705,11
I,0.435,0.325,tiny,,0.136,0.065,0.115,8
M,0.355,0.265,tiny,0.168,0.05,0.040999999999999995,0.063,8
M,0.52,0.385,tiny,0.669,0.2385,0.172,0.205,12
I,0.47,0.355,small,0.499,0.21,0.0985,0.155,8
M,0.61,0.48,large,1.3065,0.6895,0.2915,0.29,10
I,0.325,0.2,tiny,0.0995,0.0395,0.0225,0.032,8
I,0.545,0.43,small,0.7595,0.358,0.153,0.2055,8
I,0.315,0.23,tiny,0.14400000000000002,0.053,0.0305,0.04,8
I,0.53,0.395,small,,0.2975,0.10800000000000001,0.195,11
I,0.33,0.255,tiny,,0.066,0.0255,0.06,6
M,0.67,0.5,large,,0.5760000000000001,0.2985,0.35100000000000003,11
I,0.51,0.455,small,0.6855,0.2875,0.154,0.2035,9
F,0.65,0.49,medium,1.122,0.545,0.228,0.3055,9
M,0.46,0.34,small,0.495,0.1655,0.11699999999999999,0.185,10
F,0.72,0.55,large,1.52,0.637,0.325,0.435,10
I,0.575,0.475,large,0.9670000000000001,0.3775,0.284,0.275,13
F,0.435,0.32,small,0.3785,0.152,0.0915,0.125,11
I,0.335,0.245,tiny,0.1665,0.0595,0.04,0.06,6
M,0.43,0.31,small,0.6485,0.2735,0.163,0.184,9
M,0.57,0.45,small,,0.3385,0.14800000000000002,0.245,9
F,0.535,0.415,large,0.879,0.295,0.1965,0.285,10
M,0.61,0.485,large,1.0225,0.419,0.2405,0.36,12
I,0.275,0.22,tiny,0.1365,0.0565,0.0285,0.042,6
F,0.7,0.585,large,1.8075,0.7055,0.3215,0.475,29
F,0.63,0.505,medium,1.065,0.4595,0.21600000000000003,0.315,12
M,0.595,0.475,medium,1.213,0.621,0.2435,0.27399999999999997,9
I,0.56,0.435,small,0.777,0.354,0.17300000000000001,0.222,9
F,0.58,0.455,small,0.94,0.39899999999999997,0.257,0.265,11
F,0.475,0.365,tiny,0.5660000000000001,0.281,0.11699999999999999,0.1335,7
I,0.375,0.265,tiny,0.196,0.085,0.042,0.0585,5
I,0.255,0.185,tiny,0.075,0.027999999999999997,0.018000000000000002,0.025,6
F,0.63,0.48,medium,1.199,0.5265,0.335,0.315,11
I,0.475,0.365,small,0.5465,0.22899999999999998,0.1185,0.172,9
M,0.34,0.275,tiny,0.2065,0.0725,0.043,0.07,10
F,0.69,0.54,large,1.5715,0.6935,0.318,0.47,15
M,0.29,0.23,tiny,,0.043,0.0255,0.04,7
I,0.54,0.43,large,,0.3725,0.1815,0.24,9
M,0.63,0.49,medium,1.2005,0.575,0.273,0.294,10
I,0.385,0.295,tiny,0.2535,0.10300000000000001,0.0575,0.085,7
I,0.39,0.295,tiny,0.203,0.0875,0.045,0.075,7
M,0.72,0.575,large,2.173,0.9515,0.564,0.5365,12
M,0.735,0.585,large,2.124,0.9520000000000001,0.55,0.5,11
M,0.64,0.485,medium,,0.5195,0.222,0.3175,10
M,0.52,0.4,small,0.5589999999999999,0.254,0.139,0.149,8
F,0.465,0.355,tiny,0.4705,0.1955,0.11800000000000001,0.126,7
F,0.475,0.4,tiny,0.541,0.18600000000000003,0.1025,0.21,13
I,0.375,0.27,tiny,0.218,0.0945,0.039,0.07,7
M,0.555,0.44,medium,0.85,0.4165,0.1685,0.23,8
I,0.425,0.32,tiny,0.3055,0.126,0.06,0.106,7
F,0.595,0.47,medium,1.121,0.4515,0.17800000000000002,0.155,11
M,0.64,0.51,large,1.368,0.515,0.266,0.57,21
M,0.645,0.53,large,,0.6465,0.2945,0.3735,10
F,0.595,0.47,medium,1.1775,0.542,0.26899999999999996,0.31,9
M,0.655,0.525,medium,1.46,0.6859999999999999,0.311,0.405,11
I,0.255,0.195,tiny,0.0735,0.0255,0.02,0.025,6
F,0.725,0.56,large,2.141,0.65,0.39799999999999996,1.005,18
M,0.715,0.55,large,1.825,0.938,0.3805,0.44,11
I,0.43,0.315,tiny,,0.1885,0.0715,0.11,8
M,0.74,0.605,large,2.4925,1.1455,0.575,0.5235,13
M,0.575,0.455,large,1.156,0.5525,0.243,0.295,13
I,0.41,0.325,tiny,0.39399999999999996,0.20800000000000002,0.0655,0.106,6
I,0.415,0.31,tiny,0.2815,0.1245,0.0615,0.085,6
M,0.505,0.395,small,0.635,0.29,0.1555,0.175,9
F,0.665,0.5,medium,1.2475,0.4625,0.2955,0.3595,10
I,0.565,0.43,medium,,0.332,0.1685,0.29,11
M,0.485,0.37,small,,0.2485,0.105,0.1555,6
I,0.385,0.29,tiny,0.312,0.14300000000000002,0.0635,0.086,6
M,0.575,0.47,small,0.8375,0.3485,0.1735,0.24,11
M,0.28,0.205,tiny,,0.0545,0.0285,0.03,5
M,0.27,0.195,tiny,0.1,0.0385,0.0195,0.03,6
M,0.57,0.44,medium,,0.4775,0.2315,0.27,13
I,0.62,0.485,large,1.1540000000000001,0.4935,0.256,0.315,12
M,0.465,0.36,small,0.4365,0.16899999999999998,0.1075,0.145,11
I,0.485,0.37,small,,0.2425,0.08800000000000001,0.1465,8
F,0.7,0.525,large,,0.7070000000000001,0.365,0.43,10
M,0.195,0.145,tiny,0.032,0.01,0.008,0.012,4
F,0.39,0.3,tiny,0.265,0.1075,0.06,0.0865,13
M,0.475,0.355,small,0.48,0.23399999999999999,0.1015,0.135,8
F,0.58,0.455,medium,0.8365,0.315,0.1385,0.32,18
F,0.48,0.405,small,0.6375,0.27699999999999997,0.1445,0.21,10
F,0.515,0.395,medium,0.7565,0.1905,0.17,0.3205,10
I,0.575,0.44,small,,0.4555,0.1715,0.1965,9
F,0.625,0.495,medium,1.1115,0.4495,0.2825,0.345,11
F,0.645,0.51,large,1.5675,0.621,0.36700000000000005,0.46,12
F,0.51,0.4,small,0.8145,0.45899999999999996,0.1965,0.195,10
M,0.63,0.505,large,1.525,0.56,0.3335,0.45,15
F,0.64,0.51,medium,,0.7595,0.332,0.321,8
F,0.63,0.5,large,1.383,0.54,0.3315,0.38,10
F,0.675,0.51,medium,1.1965,0.475,0.304,0.386,11
M,0.26,0.2,tiny,0.096,0.044000000000000004,0.027000000000000003,0.03,6
I,0.55,0.42,small,0.816,0.3995,0.1485,0.23,12
M,0.585,0.45,medium,0.997,0.4055,0.28300000000000003,0.251,11
I,0.385,0.29,tiny,,0.1,0.0505,0.076,8
M,0.625,0.49,large,1.169,0.5275,0.2535,0.344,11
M,0.595,0.475,small,1.0305,0.4925,0.217,0.278,10
F,0.515,0.425,small,0.7120000000000001,0.2665,0.1605,0.25,11
M,0.5,0.38,medium,0.66,0.2655,0.1365,0.215,19
I,0.415,0.33,tiny,0.3905,0.1925,0.0755,0.1025,7
M,0.61,0.47,medium,,0.449,0.2345,0.2945,9
I,0.485,0.375,small,0.562,0.2505,0.1345,0.1525,8
F,0.64,0.505,large,1.3185,0.6185,0.302,0.3315,9
F,0.62,0.515,medium,1.3255,0.6685,0.2605,0.335,12
F,0.615,0.52,medium,1.3435,0.629,0.2605,0.345,10
I,0.295,0.215,tiny,0.11599999999999999,0.037000000000000005,0.0295,0.04,8
F,0.67,0.53,large,1.5615,0.63,0.48700000000000004,0.3725,11
F,0.52,0.405,small,0.8175,0.2795,0.183,0.26,17
F,0.565,0.49,medium,0.9245,0.405,0.2195,0.255,11
F,0.59,0.455,medium,1.161,0.38,0.2455,0.28,12
I,0.595,0.43,medium,0.9845,0.4525,0.207,0.2725,8
F,0.6,0.46,medium,0.9735,0.42700000000000005,0.2045,0.3,8
I,0.355,0.27,tiny,0.2255,0.11,0.042,0.064,7
M,0.525,0.42,medium,0.8420000000000001,0.428,0.1415,0.2045,9
F,0.44,0.34,small,0.3975,0.1505,0.0945,0.135,8
M,0.49,0.465,small,0.5225,0.235,0.13,0.141,7
I,0.44,0.325,tiny,0.4165,0.185,0.0865,0.11,6
M,0.5,0.4,small,0.7715,0.37,0.16,0.21100000000000002,8
I,0.38,0.28,tiny,0.2735,0.115,0.061,0.085,6
F,0.545,0.44,medium,0.9475,0.366,0.239,0.275,8
F,0.6,0.475,medium,1.0075,0.4425,0.221,0.28,15
F,0.51,0.34,large,0.7005,0.312,0.165,0.2,11
M,0.63,0.51,large,1.3415,0.6575,0.262,0.375,10
F,0.695,0.55,medium,1.8495,0.767,0.442,0.4175,10
M,0.74,0.57,large,1.8725,0.9115,0.42700000000000005,0.446,10
M,0.475,0.37,tiny,0.4895,0.2185,0.107,0.146,8
M,0.7,0.525,large,1.7585,0.8745,0.3615,0.47,10
I,0.405,0.31,tiny,0.312,0.138,0.06,0.087,8
I,0.385,0.29,tiny,0.2575,0.1,0.061,0.086,6
F,0.605,0.48,large,1.1685,0.4815,0.2305,0.35600000000000004,9
I,0.36,0.25,tiny,0.465,0.21,0.1055,0.128,7
F,0.56,0.43,medium,0.898,0.3895,0.2325,0.245,9
F,0.635,0.5,large,1.3119999999999998,0.529,0.2485,0.485,18
I,0.575,0.45,medium,0.795,0.364,0.1505,0.26,10
F,0.75,0.565,large,1.9380000000000002,0.7735,0.4825,0.575,11
F,0.58,0.465,medium,0.9865,0.47,0.2155,0.25,11
F,0.58,0.44,large,0.8540000000000001,0.3665,0.1635,0.245,12
M,0.665,0.535,large,,0.7535,0.391,0.885,27
M,0.545,0.435,medium,0.9385,0.3685,0.1245,0.345,11
M,0.515,0.38,large,0.9565,0.325,0.158,0.31,14
M,0.465,0.35,small,0.5755,0.2015,0.1505,0.19,15
M,0.65,0.505,large,1.5595,0.695,0.3515,0.395,11
I,0.54,0.415,medium,0.7020000000000001,0.322,0.16699999999999998,0.19,10
M,0.445,0.35,small,0.5905,0.2025,0.158,0.19,14
I,0.45,0.335,tiny,0.36200000000000004,0.1575,0.0795,0.1095,7
I,0.495,0.375,small,0.589,0.3075,0.1215,0.1405,8
M,0.63,0.515,large,1.1955,0.49200000000000005,0.247,0.37,11
I,0.435,0.325,tiny,0.366,0.174,0.0725,0.109,7
M,0.535,0.435,medium,0.8915,0.3415,0.177,0.25,13
M,0.65,0.515,large,1.466,0.677,0.3045,0.4,10
M,0.65,0.495,medium,1.2075,0.55,0.2695,0.32,10
I,0.435,0.34,tiny,0.3925,0.1825,0.078,0.1145,6
F,0.635,0.51,large,1.286,0.526,0.295,0.4105,12
M,0.485,0.37,medium,0.968,0.419,0.2455,0.2365,9
I,0.48,0.35,small,0.5465,0.2735,0.0995,0.158,8
I,0.31,0.23,tiny,0.1245,0.0505,0.0265,0.038,6
M,0.655,0.525,large,1.2590000000000001,0.48700000000000004,0.2215,0.445,20
I,0.54,0.435,medium,,0.4285,0.22,0.264,17
F,0.67,0.53,large,1.4015,0.643,0.2465,0.41600000000000004,12
M,0.62,0.485,medium,1.1325,0.5235,0.2505,0.2825,9
M,0.65,0.525,large,1.4715,0.675,0.315,0.39899999999999997,11
I,0.375,0.285,tiny,0.239,0.105,0.0555,0.07,8
M,0.46,0.345,small,0.4935,0.2435,0.1175,0.132,8
M,0.545,0.45,medium,0.7805,0.3795,0.1625,0.21600000000000003,8
I,0.415,0.31,tiny,,0.12300000000000001,0.057,0.0995,10
F,0.49,0.38,medium,0.578,0.2395,0.1255,0.18,9
I,0.5,0.41,small,0.6615,0.2585,0.1625,0.196,9
I,0.495,0.39,small,,0.284,0.162,0.2,11
I,0.47,0.345,small,0.3685,0.1525,0.0615,0.125,8
I,0.25,0.19,tiny,0.0765,0.036000000000000004,0.0115,0.0245,6
M,0.56,0.41,medium,0.93,0.3505,0.237,0.3,13
I,0.6,0.475,medium,1.12,0.565,0.2465,0.27,10
M,0.51,0.395,medium,0.6185,0.21600000000000003,0.1385,0.24,12
F,0.595,0.465,small,1.113,0.5175,0.244,0.305,12
I,0.62,0.47,small,0.8565,0.3595,0.16,0.295,9
M,0.5,0.37,medium,1.0615,0.494,0.223,0.29600000000000004,9
F,0.58,0.44,large,1.073,0.4005,0.2345,0.335,19
F,0.48,0.38,medium,0.59,0.23199999999999998,0.141,0.23,12
F,0.68,0.505,large,1.3435,0.657,0.297,0.355,12
I,0.53,0.395,tiny,0.475,0.2025,0.10099999999999999,0.14800000000000002,8
M,0.47,0.385,small,0.5895,0.2765,0.12,0.17,8
I,0.5,0.4,small,,0.261,0.14300000000000002,0.1935,8
F,0.5,0.395,medium,0.7145,0.3235,0.17300000000000001,0.195,9
I,0.55,0.42,tiny,,0.2925,0.13699999999999998,0.209,11
I,0.425,0.325,tiny,0.405,0.1695,0.092,0.1065,8
F,0.45,0.35,medium,,0.1765,0.12300000000000001,0.175,13
M,0.625,0.49,medium,1.1835,0.517,0.2375,0.39,11
M,0.6,0.48,medium,0.9165,0.4135,0.1965,0.2725,9
M,0.37,0.28,tiny,0.252,0.1065,0.0595,0.07400000000000001,8
F,0.435,0.35,small,0.4585,0.192,0.1,0.13,11
I,0.48,0.335,small,0.524,0.24600000000000002,0.1095,0.145,7
I,0.45,0.35,tiny,0.514,0.253,0.1045,0.14,8
M,0.605,0.49,medium,1.1245,0.49200000000000005,0.222,0.3555,11
F,0.675,0.525,medium,,0.628,0.3405,0.42,9
M,0.55,0.45,medium,0.7895,0.34299999999999997,0.159,0.25,12
I,0.53,0.415,small,0.6940000000000001,0.3905,0.111,0.16699999999999998,9
M,0.57,0.455,large,1.02,0.4805,0.2145,0.29,9
F,0.615,0.515,small,1.1215,0.545,0.2305,0.29,9
I,0.475,0.34,tiny,,0.203,0.08,0.1465,9
M,0.625,0.5,small,1.0959999999999999,0.5445,0.2165,0.295,10
F,0.455,0.36,tiny,0.4385,0.20600000000000002,0.098,0.125,10
F,0.565,0.45,medium,0.795,0.3605,0.1555,0.23,12
M,0.5,0.4,small,0.5975,0.27,0.1275,0.166,9
M,0.385,0.3,tiny,0.24,0.0885,0.059000000000000004,0.085,9
F,0.485,0.365,small,0.5885,0.27,0.131,0.175,9
M,0.6,0.46,medium,1.247,0.5335,0.2735,0.29,9
M,0.54,0.405,small,0.8909999999999999,0.4815,0.1915,0.20199999999999999,9
F,0.565,0.44,small,0.83,0.39299999999999996,0.1735,0.23800000000000002,9
I,0.22,0.16,tiny,0.049,0.0215,0.01,0.015,4
M,0.66,0.515,large,1.6465,0.7490000000000001,0.42200000000000004,0.401,11
M,0.53,0.425,small,0.7455,0.2995,0.1355,0.245,10
I,0.37,0.28,tiny,0.198,0.0805,0.0455,0.057999999999999996,5
I,0.32,0.225,tiny,0.1415,0.0675,0.0295,0.0405,6
F,0.455,0.35,small,0.5185,0.221,0.1265,0.135,10
M,0.59,0.475,medium,0.9455,0.3815,0.184,0.27,19
F,0.45,0.35,small,,0.185,0.09,0.145,11
M,0.385,0.295,tiny,0.335,0.147,0.094,0.09,7
I,0.275,0.2,tiny,,0.0475,0.0205,0.03,7
I,0.315,0.24,tiny,0.13699999999999998,0.0545,0.0315,0.04,8
M,0.66,0.53,large,1.5830000000000002,0.7395,0.3505,0.405,10
F,0.385,0.305,small,0.314,0.146,0.0555,0.08,10
I,0.395,0.27,tiny,0.2985,0.1445,0.061,0.08199999999999999,5
M,0.655,0.485,large,1.62,0.6275,0.358,0.485,17
F,0.585,0.465,small,0.9079999999999999,0.381,0.1615,0.315,13
F,0.6,0.475,medium,1.0265,0.485,0.2495,0.2565,9
I,0.55,0.43,medium,0.7120000000000001,0.3025,0.152,0.225,10
M,0.695,0.57,large,2.033,0.7509999999999999,0.4255,0.685,15
I,0.315,0.23,tiny,0.134,0.0575,0.0285,0.3505,6
I,0.515,0.36,small,0.4725,0.1815,0.125,0.138,9
F,0.615,0.475,large,1.194,0.5589999999999999,0.259,0.3165,11
I,0.33,0.205,tiny,0.1595,0.077,0.032,0.0435,5
M,0.62,0.475,large,1.3585,0.5935,0.3365,0.3745,10
M,0.59,0.47,small,1.1685,0.539,0.27899999999999997,0.28,8
I,0.375,0.275,tiny,0.2295,0.095,0.0545,0.066,7
I,0.445,0.33,tiny,0.43700000000000006,0.163,0.0755,0.17,13
I,0.435,0.315,tiny,,0.1615,0.0715,0.12,7
F,0.675,0.52,large,1.494,0.7365,0.3055,0.37,9
M,0.605,0.48,large,1.1835,0.5820000000000001,0.2365,0.317,10
F,0.425,0.325,small,,0.1465,0.079,0.14,12
F,0.71,0.565,large,1.817,0.785,0.49200000000000005,0.49,11
I,0.435,0.33,tiny,,0.21899999999999997,0.075,0.0885,6
M,0.52,0.4,medium,0.7765,0.3525,0.1845,0.185,9
F,0.385,0.315,tiny,0.28600000000000003,0.1225,0.0635,0.0835,10
M,0.38,0.235,tiny,0.258,0.1055,0.054000000000000006,0.08,7
F,0.55,0.415,small,0.775,0.302,0.179,0.26,23
I,0.315,0.23,tiny,0.1285,0.043,0.04,0.04,7
F,0.705,0.545,large,1.58,0.6435,0.4565,0.265,11
M,0.59,0.45,large,1.2830000000000001,0.473,0.276,0.425,16
F,0.655,0.52,large,1.4545,0.6,0.3865,0.38299999999999995,10
M,0.485,0.395,small,0.6295,0.2285,0.127,0.225,14
F,0.61,0.485,medium,1.0915,0.3935,0.2435,0.33,18
F,0.625,0.525,large,1.3519999999999999,0.4505,0.2445,0.53,13
F,0.575,0.45,medium,0.9775,0.3135,0.231,0.33,12
F,0.4,0.3,tiny,0.3025,0.1335,0.0465,0.0935,8
I,0.45,0.33,tiny,0.365,0.14,0.0825,0.1245,8
M,0.605,0.445,small,0.982,0.4295,0.2085,0.295,12
M,0.52,0.395,small,,0.2565,0.1265,0.17,10
M,0.64,0.505,medium,1.4025,0.705,0.2655,0.335,10
F,0.64,0.485,medium,1.1335,0.5525,0.2505,0.3015,11
F,0.7,0.55,large,1.6840000000000002,0.7535,0.3265,0.32,11
I,0.635,0.505,large,1.3315,0.5805,0.252,0.435,17
M,0.545,0.415,small,0.82,0.4615,0.127,0.218,9
F,0.535,0.42,small,0.6990000000000001,0.3125,0.1565,0.2035,8
M,0.655,0.51,large,1.7835,0.8885,0.4095,0.4195,11
M,0.695,0.53,medium,1.4769999999999999,0.6375,0.3025,0.43,14
F,0.595,0.48,medium,,0.5225,0.29600000000000004,0.32,8
M,0.545,0.44,small,0.8395,0.35600000000000004,0.1905,0.2385,11
F,0.63,0.475,medium,1.172,0.536,0.254,0.316,11
F,0.65,0.495,medium,1.3105,0.5770000000000001,0.3315,0.355,9
M,0.575,0.445,large,,0.5489999999999999,0.2175,0.228,9
F,0.62,0.48,medium,,0.4835,0.221,0.31,10
M,0.63,0.505,medium,1.26,0.4525,0.2755,0.406,14
M,0.425,0.305,tiny,0.359,0.17300000000000001,0.0875,0.0975,9
M,0.44,0.355,small,0.4775,0.132,0.0815,0.19,9
M,0.59,0.49,medium,1.207,0.5589999999999999,0.235,0.309,10
F,0.46,0.365,tiny,0.4485,0.165,0.083,0.17,14
F,0.545,0.41,small,,0.2975,0.146,0.21,11
I,0.455,0.375,small,0.5329999999999999,0.233,0.106,0.185,8
I,0.485,0.38,small,0.5215,0.2215,0.11800000000000001,0.16,8
I,0.445,0.355,tiny,0.3615,0.1415,0.0785,0.12,8
I,0.495,0.38,small,0.5095,0.2065,0.1165,0.165,8
F,0.49,0.36,tiny,0.5005,0.161,0.107,0.195,17
M,0.665,0.525,large,1.443,0.6635,0.3845,0.353,11
I,0.235,0.175,tiny,0.0645,0.0215,0.0175,0.0215,5
F,0.61,0.45,medium,1.136,0.414,0.311,0.3,9
M,0.54,0.41,medium,0.9890000000000001,0.2815,0.213,0.355,19
M,0.475,0.385,small,0.562,0.289,0.0905,0.153,8
M,0.635,0.5,large,1.4345,0.611,0.309,0.418,12
M,0.67,0.525,medium,1.6085,0.682,0.3145,0.4005,11
F,0.55,0.425,small,0.9520000000000001,0.4895,0.1945,0.2185,7
F,0.675,0.54,large,1.5930000000000002,0.6859999999999999,0.318,0.45,11
F,0.645,0.5,large,1.4285,0.639,0.305,0.36,11
I,0.545,0.375,small,,0.2375,0.1155,0.1725,8
F,0.585,0.45,medium,,0.467,0.203,0.225,7
F,0.605,0.475,medium,1.056,0.433,0.2195,0.35700000000000004,9
F,0.605,0.49,medium,1.1345,0.5265,0.2645,0.295,9
F,0.725,0.58,large,,0.8045,0.3595,0.4375,9
M,0.635,0.485,large,1.1795,0.4785,0.2775,0.355,10
M,0.545,0.44,medium,0.7440000000000001,0.2875,0.204,0.25,15
F,0.545,0.42,large,0.754,0.256,0.1775,0.275,10
M,0.6,0.495,medium,1.2415,0.485,0.2775,0.34,15
I,0.27,0.19,tiny,0.081,0.0265,0.0195,0.03,6
I,0.465,0.37,small,,0.188,0.0815,0.147,9
M,0.52,0.4,medium,0.8565,0.2745,0.201,0.21,12
F,0.42,0.32,small,,0.1645,0.106,0.11900000000000001,10
F,0.655,0.455,large,1.2895,0.5870000000000001,0.3165,0.3415,11
I,0.35,0.265,tiny,0.192,0.081,0.0465,0.053,6
M,0.6,0.485,large,1.2675,0.4995,0.2815,0.38,13
M,0.4,0.305,tiny,0.297,0.10800000000000001,0.0705,0.1,10
M,0.425,0.325,tiny,0.3295,0.1365,0.0725,0.11,7
F,0.425,0.345,tiny,0.3665,0.125,0.081,0.11699999999999999,11
I,0.5,0.38,small,0.519,0.2485,0.1135,0.134,8
F,0.72,0.525,large,1.445,0.631,0.3215,0.435,7
M,0.645,0.515,large,1.6115,0.6745,0.384,0.385,14
I,0.455,0.325,small,0.82,0.4005,0.1715,0.21100000000000002,8
F,0.525,0.42,medium,,0.2745,0.17300000000000001,0.275,9
M,0.7,0.555,large,1.858,0.73,0.3665,0.595,11
I,0.42,0.32,tiny,0.376,0.16899999999999998,0.092,0.1,5
M,0.675,0.525,medium,,0.5720000000000001,0.2755,0.3545,13
M,0.685,0.535,large,1.432,0.637,0.247,0.46,11
I,0.33,0.25,tiny,0.1715,0.0655,0.035,0.06,7
M,0.505,0.385,tiny,0.4825,0.21,0.1035,0.1535,10
F,0.495,0.37,small,0.594,0.28,0.11,0.1375,7
I,0.46,0.35,tiny,0.4675,0.2125,0.099,0.1375,7
F,0.625,0.485,medium,1.2255,0.5075,0.29600000000000004,0.36,10
I,0.42,0.32,tiny,0.409,0.2055,0.0935,0.105,8
F,0.6,0.455,medium,,0.419,0.1715,0.26899999999999996,10
I,0.325,0.24,tiny,0.187,0.0825,0.0445,0.05,6
M,0.565,0.435,large,0.9815,0.32899999999999996,0.136,0.39,13
I,0.585,0.475,medium,1.0505,0.48,0.23399999999999999,0.285,10
M,0.695,0.55,large,1.5515,0.5660000000000001,0.3835,0.445,13
M,0.625,0.49,medium,,0.4895,0.2615,0.3325,11
I,0.5,0.37,small,0.5445,0.249,0.1065,0.152,8
I,0.215,0.17,tiny,0.0605,0.0205,0.013999999999999999,0.02,6
I,0.425,0.32,tiny,0.262,0.1235,0.067,0.0725,8
I,0.465,0.37,tiny,,0.1515,0.0935,0.1455,9
M,0.375,0.29,tiny,0.276,0.1175,0.0565,0.085,9
F,0.705,0.55,large,1.219,0.6395,0.23600000000000002,0.301,9
F,0.675,0.535,large,1.604,0.6175,0.4255,0.45299999999999996,14
F,0.43,0.335,small,0.444,0.155,0.1145,0.14,13
F,0.45,0.36,tiny,0.4715,0.2035,0.0935,0.149,9
F,0.73,0.58,large,1.7375,0.6785,0.4345,0.52,11
F,0.46,0.36,tiny,0.4755,0.2105,0.105,0.16,8
F,0.57,0.455,medium,1.107,0.54,0.255,0.27,8
M,0.495,0.385,small,0.6335,0.2,0.1225,0.26,14
M,0.27,0.2,tiny,0.1205,0.0465,0.027999999999999997,0.04,6
F,0.64,0.48,large,1.1435,0.4915,0.2345,0.353,9
F,0.62,0.485,medium,1.1945,0.5105,0.271,0.35200000000000004,9
F,0.58,0.435,small,0.953,0.475,0.2165,0.2095,9
M,0.565,0.44,large,0.909,0.344,0.2325,0.255,15
I,0.58,0.49,large,1.3165,0.5305,0.254,0.41,18
I,0.49,0.37,tiny,0.5379999999999999,0.271,0.1035,0.139,8
F,0.56,0.44,small,0.9285,0.3825,0.188,0.3,11
I,0.585,0.45,small,,0.3795,0.187,0.26,9
I,0.53,0.42,small,0.8365,0.3745,0.16699999999999998,0.249,11
M,0.645,0.49,medium,1.251,0.5355,0.3345,0.3165,9
M,0.59,0.405,medium,0.853,0.326,0.2615,0.245,9
F,0.615,0.475,medium,1.115,0.484,0.2115,0.355,10
F,0.585,0.45,large,0.8685,0.3325,0.1635,0.27,22
I,0.32,0.24,tiny,,0.076,0.0355,0.05,7
M,0.57,0.405,medium,0.9245,0.3445,0.2185,0.295,19
F,0.695,0.53,large,2.0475,0.75,0.4195,0.6095,14
M,0.645,0.485,medium,1.489,0.5915,0.312,0.38,18
I,0.35,0.25,tiny,0.1695,0.0835,0.0355,0.040999999999999995,6
F,0.55,0.425,small,0.8515,0.36200000000000004,0.196,0.27,14
F,0.515,0.435,large,0.631,0.2765,0.111,0.21600000000000003,12
M,0.605,0.475,medium,1.161,0.5720000000000001,0.2455,0.275,9
M,0.43,0.335,small,0.397,0.1985,0.0865,0.1035,7
F,0.625,0.525,large,1.5765,0.5115,0.2595,0.665,16
F,0.605,0.485,medium,1.0735,0.43700000000000006,0.205,0.33,14
I,0.625,0.485,medium,1.15,0.5255,0.257,0.3315,11
I,0.335,0.25,tiny,0.183,0.0735,0.04,0.0575,6
I,0.185,0.135,tiny,0.027000000000000003,0.0105,0.0055,0.009000000000000001,5
F,0.61,0.485,medium,1.087,0.4255,0.23199999999999998,0.38,11
F,0.665,0.54,large,1.764,0.8505,0.3615,0.47,11
M,0.335,0.265,tiny,0.222,0.0935,0.055999999999999994,0.075,7
M,0.52,0.39,small,0.6435,0.2885,0.157,0.161,7
F,0.535,0.405,medium,0.6845,0.2725,0.171,0.205,10
I,0.4,0.315,tiny,0.3225,0.14300000000000002,0.0735,0.091,6
M,0.625,0.505,large,1.4455,0.496,0.287,0.435,22
M,0.47,0.375,tiny,,0.1685,0.0755,0.15,8
I,0.475,0.375,tiny,0.5205,0.233,0.11900000000000001,0.1455,7
M,0.605,0.47,tiny,1.114,0.3925,0.29100000000000004,0.31,15
M,0.425,0.315,small,0.3525,0.1135,0.0565,0.13,18
I,0.405,0.305,tiny,0.271,0.0965,0.061,0.091,7
I,0.475,0.365,small,0.53,0.2505,0.0975,0.1625,10
M,0.645,0.51,medium,1.1835,0.556,0.2385,0.345,11
I,0.52,0.395,medium,0.77,0.424,0.142,0.1895,7
I,0.335,0.245,tiny,0.2015,0.096,0.0405,0.048,7
M,0.725,0.565,large,1.891,0.6975,0.4725,0.58,16
M,0.64,0.515,tiny,1.042,0.515,0.1755,0.175,10
M,0.635,0.475,large,1.1935,0.5205,0.2695,0.3665,10
I,0.395,0.325,tiny,0.306,0.111,0.0735,0.095,8
F,0.635,0.485,medium,1.2945,0.6679999999999999,0.2605,0.2715,9
M,0.595,0.485,medium,1.0835,0.5305,0.231,0.276,8
F,0.66,0.53,large,1.5175,0.7765,0.302,0.401,10
F,0.64,0.475,small,1.0725,0.4895,0.2295,0.31,8
I,0.315,0.235,tiny,0.151,0.065,0.027000000000000003,0.039,6
I,0.45,0.33,tiny,0.3685,0.16,0.0885,0.102,6
F,0.58,0.48,large,1.2495,0.4945,0.27,0.371,8
F,0.405,0.325,tiny,0.3575,0.145,0.0725,0.11,12
F,0.635,0.5,large,1.2565,0.539,0.292,0.35,10
F,0.575,0.43,medium,0.7955,0.3485,0.1925,0.22,9
M,0.61,0.47,large,1.1185,0.5225,0.2405,0.31,9
I,0.375,0.285,tiny,0.226,0.0975,0.04,0.0725,7
M,0.71,0.555,large,1.9485,0.9455,0.3765,0.495,12
F,0.605,0.45,large,1.0979999999999999,0.48100000000000004,0.2895,0.315,13
I,0.17,0.13,tiny,0.03,0.013000000000000001,0.008,0.01,4
I,0.415,0.325,tiny,,0.1445,0.0715,0.095,7
M,0.635,0.51,large,,0.6535,0.2835,0.58,15
I,0.515,0.39,tiny,,0.2415,0.098,0.1615,8
M,0.46,0.365,small,0.467,0.1895,0.0945,0.158,10
M,0.54,0.425,small,0.8170000000000001,0.2945,0.153,0.195,10
I,0.725,0.55,large,2.0495,0.7735,0.4405,0.655,10
M,0.615,0.48,large,1.2205,0.4985,0.315,0.33,10
F,0.515,0.42,small,0.6295,0.2815,0.127,0.215,9
I,0.45,0.35,small,0.474,0.21,0.109,0.1275,16
F,0.52,0.405,tiny,0.7759999999999999,0.32,0.1845,0.22,8
F,0.5,0.44,medium,0.742,0.2025,0.2005,0.2115,14
I,0.345,0.275,tiny,0.1995,0.0755,0.0535,0.07,6
M,0.575,0.45,medium,0.9655,0.498,0.19,0.23,8
F,0.57,0.465,large,0.9995,0.405,0.27699999999999997,0.295,16
M,0.52,0.45,medium,0.895,0.3615,0.18600000000000003,0.235,14
M,0.6,0.47,medium,1.194,0.5625,0.3045,0.2635,10
F,0.53,0.42,small,1.001,0.34,0.226,0.265,17
I,0.335,0.26,tiny,0.1965,0.0875,0.040999999999999995,0.055999999999999994,7
I,0.48,0.355,tiny,0.4725,0.2065,0.11199999999999999,0.132,8
I,0.36,0.28,tiny,0.1755,0.081,0.0505,0.07,6
F,0.64,0.505,large,1.2355,0.4435,0.3105,0.365,14
I,0.3,0.23,tiny,0.127,0.052000000000000005,0.03,0.0345,6
F,0.555,0.445,large,1.1465,0.551,0.244,0.2785,8
F,0.38,0.305,tiny,0.281,0.1045,0.0615,0.09,12
I,0.18,0.135,tiny,0.033,0.0145,0.006999999999999999,0.01,5
I,0.55,0.415,small,0.8095,0.2985,0.2015,0.28,12
M,0.415,0.325,small,0.41700000000000004,0.1535,0.1015,0.14400000000000002,10
I,0.545,0.43,medium,0.742,0.3525,0.158,0.20800000000000002,10
M,0.58,0.46,large,1.145,0.48,0.27699999999999997,0.325,11
I,0.475,0.36,small,0.4355,0.196,0.0925,0.125,8
I,0.59,0.46,medium,0.9015,0.419,0.1785,0.26,11
M,0.6,0.47,medium,1.012,0.441,0.2015,0.305,10
M,0.72,0.6,large,2.2385,0.9840000000000001,0.41100000000000003,0.621,12
I,0.575,0.45,small,0.807,0.3615,0.17600000000000002,0.254,10
F,0.75,0.55,large,1.8325,0.83,0.366,0.44,11
I,0.26,0.205,tiny,0.09699999999999999,0.0415,0.019,0.0305,4
F,0.64,0.5,large,,0.693,0.326,0.409,11
I,0.385,0.3,tiny,0.308,0.1525,0.055999999999999994,0.0835,8
I,0.45,0.33,tiny,,0.1865,0.0785,0.0975,7
M,0.54,0.42,medium,0.7385,0.3515,0.152,0.215,12
I,0.455,0.35,small,0.5365,0.2855,0.0855,0.1325,7
I,0.52,0.415,medium,0.595,0.2105,0.142,0.26,15
F,0.505,0.38,medium,,0.2935,0.19,0.17,12
M,0.45,0.35,tiny,0.3675,0.1465,0.1015,0.12,10
M,0.525,0.385,tiny,0.5115,0.24600000000000002,0.1005,0.1455,8
I,0.355,0.265,tiny,0.2435,0.122,0.0525,0.06,6
I,0.49,0.375,tiny,0.4615,0.204,0.0945,0.14300000000000002,8
I,0.31,0.225,tiny,0.155,0.065,0.037000000000000005,0.0365,6
M,0.605,0.49,medium,1.153,0.503,0.2505,0.295,15
M,0.62,0.51,large,1.615,0.5105,0.192,0.675,12
M,0.605,0.49,medium,1.3,0.517,0.3285,0.31,14
F,0.63,0.495,large,,0.536,0.2115,0.1625,10
M,0.59,0.455,medium,1.073,0.475,0.19,0.285,14
M,0.72,0.565,large,2.1055,1.0170000000000001,0.363,0.494,12
I,0.59,0.46,small,0.755,0.33399999999999996,0.15,0.23800000000000002,9
F,0.645,0.5,medium,1.2465,0.5475,0.327,0.3,10
F,0.655,0.515,medium,1.3090000000000002,0.524,0.34600000000000003,0.385,11
I,0.475,0.36,medium,0.6325,0.2825,0.13699999999999998,0.19,8
M,0.35,0.265,tiny,,0.1365,0.063,0.085,7
F,0.72,0.575,large,,0.8565,0.4825,0.602,12
I,0.235,0.175,tiny,0.0705,0.0335,0.015,0.02,5
M,0.7,0.535,medium,1.7255,0.63,0.2635,0.54,19
I,0.485,0.36,small,0.5155,0.2465,0.1025,0.147,8
F,0.525,0.415,large,0.8325,0.2755,0.1685,0.31,13
M,0.6,0.475,medium,1.1385,0.502,0.2295,0.31,9
I,0.46,0.355,tiny,0.436,0.1975,0.096,0.125,8
M,0.45,0.355,tiny,0.479,0.2125,0.1045,0.15,8
I,0.16,0.11,tiny,0.0195,0.0075,0.005,0.006,4
I,0.445,0.35,small,,0.1695,0.0945,0.1195,7
I,0.26,0.2,tiny,0.092,0.037000000000000005,0.02,0.03,6
M,0.655,0.52,large,1.1445,0.53,0.223,0.348,9
F,0.44,0.34,small,0.4195,0.153,0.1155,0.13,10
I,0.44,0.345,tiny,,0.26899999999999996,0.111,0.1305,6
F,0.7,0.545,small,,0.6725,0.374,0.195,12
I,0.475,0.365,tiny,0.4175,0.1645,0.099,0.127,7
I,0.49,0.365,small,0.5585,0.252,0.126,0.1615,10
F,0.645,0.52,large,1.3345,0.667,0.2665,0.355,10
M,0.575,0.44,medium,0.87,0.3945,0.2195,0.225,8
F,0.435,0.35,small,0.45899999999999996,0.19699999999999998,0.1145,0.145,9
M,0.38,0.27,tiny,,0.0835,0.0515,0.07,6
I,0.505,0.425,small,,0.245,0.1375,0.2,9
I,0.31,0.24,tiny,0.1455,0.0605,0.0315,0.045,7
M,0.63,0.495,large,1.2695,0.605,0.271,0.32799999999999996,11
M,0.455,0.355,small,0.515,0.2,0.1275,0.175,11
I,0.185,0.13,tiny,0.028999999999999998,0.012,0.0075,0.0095,4
F,0.525,0.4,tiny,0.6295,0.2555,0.14400000000000002,0.18,11
M,0.655,0.54,large,1.844,0.7425,0.327,0.585,22
M,0.535,0.405,large,1.2705,0.5479999999999999,0.3265,0.337,13
I,0.475,0.335,tiny,0.4425,0.1895,0.086,0.135,9
M,0.2,0.14,tiny,,0.0145,0.008,0.01,5
M,0.65,0.515,small,,0.5235,0.28300000000000003,0.3275,9
M,0.635,0.48,large,1.4669999999999999,0.5825,0.303,0.42,15
F,0.64,0.475,large,1.151,0.4365,0.281,0.3805,13
F,0.475,0.375,small,0.588,0.237,0.1715,0.155,10
F,0.69,0.555,large,1.8165,0.7785,0.4395,0.515,19
I,0.46,0.35,tiny,0.3705,0.1575,0.077,0.114,9
F,0.655,0.53,large,1.4280000000000002,0.493,0.318,0.565,18
I,0.23,0.165,tiny,0.0515,0.019,0.0145,0.036000000000000004,4
M,0.59,0.475,small,0.977,0.4625,0.2025,0.275,10
M,0.625,0.485,large,1.4369999999999998,0.5855,0.293,0.475,11
F,0.585,0.415,medium,0.6985,0.3,0.146,0.195,12
F,0.595,0.46,medium,0.9209999999999999,0.4005,0.2025,0.2875,9
M,0.605,0.475,medium,1.15,0.575,0.23199999999999998,0.297,10
M,0.565,0.44,small,0.802,0.3595,0.1825,0.215,9
I,0.37,0.275,tiny,0.257,0.1015,0.055,0.0825,6
F,0.47,0.365,small,,0.29,0.092,0.146,8
M,0.525,0.415,medium,0.845,0.3525,0.1635,0.2875,8
M,0.65,0.525,large,,0.665,0.337,0.37799999999999995,11
F,0.595,0.465,medium,1.0255,0.41200000000000003,0.2745,0.289,11
F,0.43,0.35,tiny,0.397,0.1575,0.08900000000000001,0.12,9
M,0.46,0.35,small,0.515,0.22399999999999998,0.10800000000000001,0.1565,10
M,0.66,0.5,medium,,0.667,0.26899999999999996,0.341,9
F,0.52,0.4,small,0.6515,0.261,0.2015,0.165,15
F,0.57,0.445,medium,0.995,0.504,0.185,0.2505,9
M,0.515,0.405,small,0.722,0.32,0.131,0.21,10
I,0.405,0.315,tiny,0.34700000000000003,0.1605,0.0785,0.1,9
F,0.415,0.305,tiny,0.3605,0.12,0.08199999999999999,0.1,10
M,0.47,0.375,small,0.523,0.214,0.132,0.145,8
I,0.29,0.205,tiny,0.0975,0.036000000000000004,0.019,0.035,8
I,0.315,0.235,tiny,0.1485,0.0585,0.0375,0.0425,6
F,0.44,0.34,small,,0.18600000000000003,0.1085,0.16,9
F,0.55,0.43,medium,,0.395,0.195,0.223,8
F,0.545,0.425,small,0.768,0.294,0.1495,0.26,16
M,0.72,0.56,large,,0.691,0.375,0.4425,11
M,0.485,0.4,small,0.6629999999999999,0.313,0.13699999999999998,0.2,10
M,0.455,0.345,medium,0.5795,0.1685,0.125,0.215,13
F,0.57,0.45,medium,0.903,0.3305,0.1845,0.295,14
I,0.39,0.3,tiny,0.3085,0.1385,0.0735,0.085,6
M,0.66,0.51,large,1.218,0.5055,0.303,0.37,11
F,0.54,0.42,medium,0.8655,0.4315,0.163,0.2175,10
I,0.54,0.41,small,,0.31,0.177,0.2,8
M,0.66,0.505,medium,1.374,0.589,0.35100000000000003,0.345,10
F,0.63,0.5,large,1.1965,0.514,0.2325,0.3995,8
I,0.455,0.335,tiny,,0.175,0.092,0.1185,8
M,0.65,0.485,medium,1.7395,0.5715,0.2785,0.3075,10
I,0.21,0.15,tiny,,0.0135,0.008,0.0105,4
F,0.645,0.535,large,1.2395,0.46799999999999997,0.2385,0.424,10
I,0.345,0.255,tiny,,0.0925,0.037000000000000005,0.055,6
F,0.585,0.47,large,1.099,0.3975,0.2325,0.358,20
M,0.575,0.45,medium,0.948,0.429,0.20600000000000002,0.259,7
F,0.655,0.52,large,,0.6275,0.27,0.45,13
M,0.495,0.4,small,,0.272,0.1435,0.14400000000000002,7
F,0.63,0.5,medium,,0.36700000000000005,0.19899999999999998,0.36,16
M,0.615,0.45,medium,,0.7070000000000001,0.2095,0.2505,7
I,0.285,0.225,tiny,0.1005,0.0425,0.0185,0.035,7
I,0.45,0.355,tiny,0.4445,0.19699999999999998,0.09300000000000001,0.1335,8
I,0.44,0.35,small,0.456,0.21,0.0955,0.131,8
I,0.445,0.345,small,0.4075,0.1365,0.0645,0.18,11
F,0.52,0.375,small,,0.221,0.11699999999999999,0.17,8
I,0.45,0.35,small,0.547,0.245,0.1405,0.1405,8
M,0.585,0.46,medium,1.1135,0.5825,0.2345,0.27399999999999997,10
F,0.69,0.54,medium,1.454,0.624,0.3105,0.39,9
F,0.605,0.495,large,1.4369999999999998,0.469,0.2655,0.41,15
I,0.49,0.385,small,0.591,0.271,0.1125,0.1775,9
M,0.41,0.315,tiny,0.306,0.121,0.0735,0.09,9
F,0.54,0.475,medium,0.9279999999999999,0.39399999999999996,0.19399999999999998,0.26,11
I,0.57,0.44,small,0.7665,0.34700000000000003,0.1785,0.20199999999999999,10
M,0.57,0.48,large,1.185,0.474,0.261,0.38,11
M,0.64,0.5,large,1.3035,0.4445,0.2635,0.465,16
M,0.58,0.45,large,1.068,0.425,0.203,0.32,13
F,0.4,0.32,tiny,0.353,0.1405,0.0985,0.1,8
M,0.655,0.53,large,1.2635,0.486,0.2635,0.415,15
M,0.515,0.39,medium,0.7125,0.3695,0.13699999999999998,0.155,7
M,0.585,0.455,medium,0.987,0.4355,0.2075,0.31,11
F,0.73,0.56,large,1.9425,0.799,0.5195,0.5655,11
I,0.55,0.465,medium,0.9359999999999999,0.48100000000000004,0.174,0.2435,9
F,0.345,0.255,tiny,0.19699999999999998,0.071,0.051,0.06,9
M,0.61,0.48,medium,1.244,0.6345,0.257,0.305,12
F,0.545,0.43,small,0.8320000000000001,0.4355,0.17,0.201,9
M,0.56,0.425,small,0.9415,0.509,0.2015,0.1975,9
I,0.58,0.47,medium,0.907,0.444,0.1855,0.2445,11
I,0.59,0.465,large,1.0885,0.3685,0.187,0.375,17
I,0.43,0.33,tiny,0.449,0.254,0.0825,0.09699999999999999,6
F,0.6,0.5,medium,1.122,0.5095,0.256,0.309,10
F,0.68,0.57,large,1.8419999999999999,0.625,0.408,0.65,20
M,0.555,0.445,small,0.8625,0.4225,0.155,0.24,9
F,0.58,0.46,small,0.9259999999999999,0.4025,0.20800000000000002,0.275,8
I,0.465,0.355,tiny,,0.23,0.1005,0.12,7
M,0.625,0.48,medium,1.1415,0.5795,0.2145,0.29,9
I,0.525,0.38,small,0.615,0.261,0.159,0.175,8
M,0.62,0.465,large,1.274,0.579,0.3065,0.32,12
M,0.64,0.5,large,1.273,0.5065,0.2925,0.405,13
M,0.615,0.455,medium,0.9335,0.382,0.247,0.2615,10
M,0.66,0.535,large,1.5905,0.6425,0.297,0.5175,9
I,0.35,0.235,tiny,0.17,0.0725,0.0465,0.0495,7
M,0.625,0.48,large,,0.6709999999999999,0.268,0.3385,10
I,0.35,0.26,tiny,0.1765,0.07200000000000001,0.0355,0.0575,7
M,0.35,0.265,tiny,0.19699999999999998,0.073,0.0365,0.077,7
I,0.35,0.265,tiny,0.1735,0.0775,0.034,0.055999999999999994,6
I,0.485,0.365,small,,0.163,0.0965,0.151,8
F,0.575,0.45,tiny,0.9315,0.431,0.222,0.235,12
M,0.625,0.52,large,1.4105,0.691,0.322,0.3465,10
M,0.47,0.37,small,0.5795,0.293,0.22699999999999998,0.14,9
M,0.64,0.53,medium,1.1895,0.4765,0.3,0.35,11
M,0.45,0.33,tiny,0.4955,0.2575,0.08199999999999999,0.129,8
M,0.62,0.47,small,1.0195,0.5315,0.2005,0.2475,8
M,0.55,0.45,large,0.81,0.317,0.157,0.22,11
M,0.61,0.49,medium,,0.465,0.228,0.341,10
I,0.46,0.37,tiny,0.3965,0.1485,0.0855,0.1455,8
F,0.6,0.475,large,1.1805,0.4345,0.2475,0.425,19
F,0.74,0.565,large,2.119,0.9655,0.5185,0.48200000000000004,12
F,0.56,0.44,small,0.8025,0.35,0.1615,0.259,9
I,0.55,0.405,medium,0.6755,0.3015,0.1465,0.21,10
F,0.61,0.47,large,1.2735,0.469,0.3315,0.39799999999999996,12
F,0.45,0.355,tiny,0.5225,0.237,0.1165,0.145,8
M,0.29,0.225,tiny,0.1295,0.0535,0.026000000000000002,0.045,10
F,0.635,0.5,large,1.4769999999999999,0.684,0.3005,0.39,12
I,0.375,0.28,tiny,0.215,0.084,0.06,0.055,6
F,0.74,0.575,large,2.012,0.8915,0.5265,0.47100000000000003,12
I,0.56,0.42,small,0.8370000000000001,0.414,0.214,0.2,8
F,0.44,0.34,tiny,0.364,0.14800000000000002,0.0805,0.1175,8
F,0.665,0.525,large,1.5785,0.6779999999999999,0.22899999999999998,0.456,14
M,0.505,0.44,small,0.8275,0.3415,0.1855,0.239,8
I,0.575,0.455,large,0.8525,0.3015,0.1825,0.3,13
I,0.435,0.33,tiny,0.38,0.1515,0.0945,0.11,7
F,0.605,0.47,medium,1.1775,0.611,0.2275,0.292,9
I,0.51,0.385,medium,0.7665,0.3985,0.14,0.1805,8
F,0.6,0.485,medium,1.1405,0.5870000000000001,0.2175,0.28800000000000003,9
F,0.53,0.395,medium,0.775,0.308,0.16899999999999998,0.255,7
F,0.55,0.435,small,0.745,0.34700000000000003,0.174,0.2265,9
I,0.48,0.37,small,0.474,0.179,0.1035,0.175,9
I,0.24,0.175,tiny,0.0705,0.025,0.013999999999999999,0.021,5
M,0.57,0.44,large,0.9415,0.3805,0.2285,0.28300000000000003,9
I,0.375,0.29,tiny,0.2385,0.11800000000000001,0.045,0.0695,7
M,0.685,0.55,large,1.885,0.89,0.41,0.4895,10
F,0.59,0.485,large,1.2315,0.4525,0.23800000000000002,0.42,13
M,0.28,0.21,tiny,,0.035,0.02,0.03,5
I,0.205,0.15,tiny,0.042,0.0255,0.015,0.012,5
M,0.58,0.455,small,0.7955,0.405,0.16699999999999998,0.204,10
F,0.565,0.4,small,0.6975,0.3075,0.1665,0.18,8
F,0.78,0.63,large,2.657,1.4880000000000002,0.4985,0.586,11
F,0.625,0.49,large,1.2329999999999999,0.5565,0.247,0.365,11
F,0.445,0.355,medium,0.485,0.18100000000000002,0.125,0.155,11
I,0.24,0.17,tiny,0.0545,0.0205,0.016,0.0155,5
M,0.635,0.49,medium,,0.534,0.1865,0.3455,10
M,0.525,0.405,medium,,0.316,0.1455,0.28,13
F,0.46,0.355,small,0.517,0.2205,0.114,0.165,9
M,0.615,0.525,medium,1.1375,0.36700000000000005,0.23600000000000002,0.37,20
I,0.495,0.37,small,0.4775,0.185,0.0705,0.16899999999999998,18
I,0.515,0.385,small,0.5720000000000001,0.237,0.1435,0.165,7
F,0.45,0.36,small,0.4995,0.2035,0.1,0.17,13
I,0.375,0.275,tiny,,0.1165,0.042,0.065,6
F,0.425,0.335,tiny,0.322,0.1205,0.061,0.125,10
M,0.615,0.475,medium,1.0735,0.4375,0.2585,0.31,11
I,0.465,0.345,tiny,0.39299999999999996,0.1825,0.0735,0.12,8
M,0.575,0.45,medium,0.955,0.44,0.1685,0.27,16
F,0.72,0.565,large,1.719,0.8465,0.40700000000000003,0.3875,11
I,0.36,0.27,tiny,0.196,0.0875,0.035,0.064,4
M,0.695,0.525,large,1.742,0.696,0.389,0.505,12
I,0.275,0.195,tiny,0.106,0.054000000000000006,0.02,0.027999999999999997,6
I,0.385,0.29,tiny,0.2505,0.11199999999999999,0.061,0.08,8
F,0.61,0.495,large,,0.53,0.315,0.3455,10
M,0.55,0.405,small,,0.244,0.1635,0.255,10
M,0.58,0.455,large,0.93,0.408,0.259,0.22,9
I,0.555,0.425,medium,0.7905,0.3485,0.1765,0.225,9
I,0.575,0.455,medium,0.9895,0.495,0.195,0.24600000000000002,9
F,0.53,0.435,large,0.8155,0.2985,0.155,0.275,13
I,0.485,0.375,small,0.521,0.2,0.12300000000000001,0.17,8
F,0.71,0.555,large,1.47,0.5375,0.38,0.431,12
I,0.575,0.455,medium,0.8725,0.349,0.2095,0.285,8
I,0.31,0.225,tiny,0.1055,0.435,0.015,0.04,5
M,0.235,0.16,tiny,0.0545,0.0265,0.0095,0.015,4
F,0.595,0.465,medium,1.1005,0.5415,0.166,0.265,8
F,0.545,0.43,medium,0.802,0.2935,0.183,0.28,11
I,0.24,0.185,tiny,0.0715,0.026000000000000002,0.018000000000000002,0.025,6
I,0.415,0.325,tiny,0.316,0.1385,0.0795,0.0925,8
M,0.48,0.37,small,,0.3445,0.1015,0.161,7
M,0.63,0.505,large,1.0915,0.4615,0.266,0.3,9
I,0.535,0.39,small,0.599,0.2595,0.149,0.16899999999999998,9
M,0.62,0.485,medium,1.0490000000000002,0.462,0.231,0.25,10
I,0.275,0.205,tiny,0.1055,0.495,0.019,0.0315,5
M,0.685,0.505,large,1.5330000000000001,0.667,0.4055,0.41,10
I,0.47,0.365,tiny,0.41100000000000003,0.175,0.0855,0.135,8
I,0.165,0.11,tiny,0.019,0.0065,0.0025,0.005,4
M,0.625,0.495,large,1.2935,0.5805,0.317,0.355,9
F,0.51,0.4,small,0.5735,0.21899999999999997,0.1365,0.195,13
M,0.63,0.495,large,1.31,0.495,0.295,0.4695,10
I,0.44,0.345,small,0.48700000000000004,0.1965,0.10800000000000001,0.16,14
F,0.63,0.5,medium,1.22,0.4905,0.3,0.345,14
I,0.435,0.34,small,0.396,0.1775,0.081,0.125,8
M,0.65,0.51,medium,1.3835,0.6385,0.2905,0.3665,9
F,0.605,0.48,small,0.991,0.4735,0.2345,0.24,8
I,0.335,0.25,tiny,,0.0945,0.038,0.0445,7
M,0.58,0.46,small,,0.35700000000000004,0.18100000000000002,0.29,13
F,0.6,0.5,medium,,0.6235,0.2835,0.35,8
M,0.47,0.39,medium,,0.2185,0.0885,0.255,9
F,0.565,0.445,small,0.8305,0.3135,0.1785,0.23,11
M,0.65,0.515,large,1.4805,0.5295,0.272,0.525,20
I,0.435,0.33,small,0.406,0.1685,0.1055,0.096,12
F,0.69,0.53,large,1.5535,0.7945,0.3485,0.3695,9
M,0.45,0.325,tiny,0.4305,0.2235,0.0785,0.1155,8
F,0.575,0.45,small,0.9585,0.447,0.16899999999999998,0.275,12
F,0.455,0.365,tiny,0.4305,0.184,0.10800000000000001,0.1245,8
I,0.44,0.34,small,,0.1735,0.0875,0.2,13
M,0.555,0.43,medium,0.7575,0.2735,0.1635,0.275,13
M,0.64,0.575,large,1.4585,0.625,0.266,0.4395,11
M,0.47,0.38,medium,0.5865,0.2385,0.14400000000000002,0.185,8
M,0.575,0.45,medium,0.9215,0.3275,0.225,0.256,12
M,0.55,0.43,medium,0.9295,0.317,0.1735,0.355,13
M,0.5,0.385,small,0.6335,0.2305,0.125,0.235,14
F,0.565,0.455,small,1.058,0.439,0.2645,0.3,10
M,0.6,0.465,medium,1.0165,0.512,0.2465,0.225,10
M,0.695,0.55,large,2.173,1.133,0.4665,0.496,10
I,0.275,0.2,tiny,0.086,0.0305,0.019,0.03,7
M,0.51,0.4,small,0.6435,0.27,0.1665,0.205,12
M,0.48,0.395,medium,0.6815,0.2145,0.1405,0.2495,18
M,0.5,0.375,medium,0.6215,0.27399999999999997,0.166,0.1485,7
I,0.34,0.25,tiny,0.179,0.0775,0.033,0.055,6
I,0.285,0.205,tiny,0.106,0.039,0.0285,0.034,5
I,0.52,0.41,small,0.5995,0.242,0.1375,0.182,11
F,0.68,0.58,large,1.787,0.585,0.45299999999999996,0.6,19
I,0.21,0.15,tiny,0.0465,0.017,0.012,0.015,5
M,0.66,0.545,large,1.32,0.5305,0.2635,0.455,16
F,0.65,0.51,large,1.375,0.531,0.384,0.3985,10
I,0.43,0.315,tiny,,0.175,0.08,0.1045,8
F,0.635,0.495,large,1.5959999999999999,0.617,0.317,0.37,11
M,0.695,0.53,large,1.51,0.664,0.4095,0.385,10
F,0.53,0.425,small,0.7170000000000001,0.2115,0.166,0.255,13
M,0.6,0.51,large,1.285,0.6095,0.2745,0.315,9
M,0.485,0.385,small,0.4775,0.2,0.0785,0.17,12
M,0.655,0.59,large,1.5455,0.654,0.3765,0.415,11
M,0.68,0.54,large,1.6230000000000002,0.7165,0.354,0.4715,12
F,0.675,0.525,large,1.8095,0.784,0.391,0.455,12
F,0.5,0.385,small,,0.2625,0.095,0.27,13
M,0.515,0.39,small,0.6125,0.302,0.1365,0.1415,8
M,0.645,0.505,medium,1.1605,0.519,0.2615,0.335,10
F,0.62,0.475,medium,1.3245,0.6865,0.233,0.3275,9
I,0.555,0.43,small,0.7005,0.3395,0.1355,0.2095,8
I,0.5,0.395,medium,0.7865,0.332,0.1815,0.2455,8
M,0.56,0.45,large,1.07,0.3805,0.175,0.41,19
M,0.58,0.44,large,1.2255,0.5405,0.2705,0.3265,10
F,0.645,0.525,large,1.37,0.6135,0.28300000000000003,0.34,10
F,0.615,0.525,medium,1.0385,0.42700000000000005,0.2315,0.345,11
I,0.5,0.39,small,,0.2115,0.10400000000000001,0.1755,9
I,0.52,0.395,tiny,,0.3155,0.1245,0.18600000000000003,11
M,0.595,0.5,medium,1.06,0.402,0.28,0.275,11
I,0.18,0.13,tiny,0.0275,0.0125,0.01,0.009000000000000001,3
M,0.575,0.47,medium,0.853,0.292,0.179,0.35,16
F,0.635,0.505,large,1.415,0.605,0.297,0.365,15
F,0.49,0.385,medium,0.6559999999999999,0.2455,0.171,0.205,9
F,0.63,0.49,large,1.3359999999999999,0.6805,0.259,0.3245,10
M,0.585,0.475,small,0.945,0.41,0.2115,0.28,14
M,0.555,0.44,small,0.8705,0.40700000000000003,0.156,0.255,9
F,0.545,0.4,small,0.778,0.368,0.215,0.18,9
M,0.55,0.43,small,0.8395,0.3155,0.1955,0.2405,10
I,0.595,0.475,medium,0.9840000000000001,0.4865,0.184,0.2755,10
I,0.6,0.48,large,0.9175,0.38,0.2225,0.29,8
I,0.515,0.395,small,,0.2365,0.1075,0.19,9
M,0.525,0.425,small,0.8665,0.2825,0.17600000000000002,0.29,18
F,0.535,0.445,small,0.8725,0.41700000000000004,0.19899999999999998,0.24,8
M,0.67,0.54,large,1.482,0.7390000000000001,0.2925,0.365,10
F,0.71,0.56,large,1.652,0.735,0.381,0.4525,11
I,0.35,0.26,tiny,0.18,0.09,0.0245,0.055,5
F,0.595,0.47,large,1.2830000000000001,0.462,0.2475,0.445,14
I,0.435,0.33,tiny,0.335,0.156,0.0555,0.105,8
M,0.545,0.45,medium,0.8615,0.2925,0.1545,0.365,16
M,0.565,0.415,small,,0.302,0.1545,0.185,7
M,0.58,0.455,large,1.859,0.945,0.426,0.441,9
I,0.48,0.35,tiny,0.635,0.35200000000000004,0.127,0.135,6
M,0.495,0.395,small,0.5415,0.2375,0.1345,0.155,9
M,0.47,0.36,tiny,0.544,0.27,0.1395,0.129,7
F,0.585,0.465,medium,0.9355,0.4035,0.2275,0.259,9
I,0.365,0.27,tiny,,0.095,0.0445,0.07,6
M,0.635,0.515,medium,1.229,0.5055,0.2975,0.3535,10
F,0.71,0.565,large,1.7265,0.638,0.3365,0.565,17
M,0.58,0.46,medium,1.063,0.513,0.2705,0.2625,9
F,0.325,0.26,tiny,0.1915,0.085,0.036000000000000004,0.062,7
M,0.5,0.385,small,,0.3195,0.129,0.1535,7
I,0.46,0.365,tiny,,0.1755,0.102,0.15,8
I,0.455,0.34,tiny,0.486,0.261,0.0655,0.1315,8
F,0.58,0.46,large,1.0515,0.4095,0.2595,0.276,8
I,0.22,0.165,tiny,0.0545,0.0215,0.012,0.02,5
M,0.65,0.52,large,1.3445,0.519,0.306,0.4465,16
I,0.41,0.325,tiny,0.361,0.1605,0.0665,0.10300000000000001,8
M,0.695,0.57,large,1.885,0.8665,0.435,0.5,19
I,0.415,0.325,tiny,0.3285,0.1405,0.051,0.106,12
I,0.365,0.27,tiny,0.196,0.0825,0.0375,0.06,7
F,0.62,0.5,large,,0.4895,0.24,0.34299999999999997,11
M,0.59,0.47,medium,1.1735,0.6245,0.233,0.2595,9
I,0.45,0.365,small,0.462,0.2135,0.0985,0.1315,8
I,0.3,0.225,tiny,0.1345,0.057,0.027999999999999997,0.044000000000000004,5
I,0.415,0.325,tiny,0.313,0.139,0.0625,0.0965,7
I,0.52,0.38,small,0.5545,0.28800000000000003,0.1295,0.16699999999999998,8
M,0.555,0.41,small,0.599,0.2345,0.1465,0.19399999999999998,8
I,0.465,0.365,tiny,0.467,0.2315,0.0925,0.113,7
F,0.655,0.51,medium,1.2895,0.5345,0.2855,0.41,11
M,0.59,0.485,medium,1.0785,0.4535,0.2435,0.31,9
F,0.645,0.51,large,1.3630000000000002,0.573,0.36200000000000004,0.36,10
F,0.49,0.37,tiny,0.541,0.171,0.1175,0.185,11
F,0.59,0.465,medium,1.1005,0.506,0.2525,0.295,13
I,0.395,0.295,tiny,0.2715,0.134,0.0325,0.085,10
F,0.53,0.41,small,0.6965,0.302,0.1935,0.2,10
I,0.535,0.455,small,1.0015,0.53,0.1765,0.244,9
M,0.425,0.325,tiny,0.3785,0.1705,0.08,0.1,7
F,0.505,0.385,tiny,,0.243,0.1075,0.21,11
F,0.625,0.5,medium,0.953,0.3445,0.2235,0.305,15
I,0.55,0.415,medium,,0.3535,0.17600000000000002,0.23600000000000002,10
I,0.435,0.325,tiny,,0.1335,0.0835,0.105,6
M,0.6,0.47,medium,,0.4375,0.196,0.325,20
I,0.495,0.385,small,,0.2075,0.1155,0.172,10
M,0.57,0.445,small,1.0635,0.5265,0.2195,0.24,8
I,0.315,0.245,tiny,,0.053,0.0475,0.05,8
I,0.21,0.15,tiny,0.0455,0.02,0.0065,0.013000000000000001,4
M,0.67,0.535,large,,0.7465,0.2935,0.508,11
F,0.4,0.305,medium,0.368,0.17300000000000001,0.0705,0.105,7
I,0.565,0.44,large,0.8735,0.414,0.21,0.21,11
I,0.325,0.24,tiny,0.1525,0.07200000000000001,0.0645,0.043,6
M,0.525,0.425,large,0.872,0.4625,0.1725,0.19899999999999998,9
M,0.62,0.475,large,1.325,0.6045,0.325,0.33,13
F,0.6,0.465,medium,0.8875,0.309,0.24600000000000002,0.262,12
F,0.66,0.515,large,,0.615,0.3125,0.3575,10
I,0.585,0.42,medium,0.6735,0.2895,0.1345,0.22,9
M,0.505,0.4,small,0.764,0.3035,0.18899999999999997,0.2175,11
M,0.55,0.425,medium,0.9175,0.2775,0.243,0.335,13
M,0.72,0.575,large,2.2695,0.8835,0.3985,0.665,16
F,0.675,0.55,large,1.551,0.7105,0.3685,0.41200000000000003,13
F,0.725,0.56,large,1.7919999999999998,0.873,0.36700000000000005,0.435,11
F,0.605,0.48,medium,1.079,0.4505,0.2835,0.293,10
M,0.4,0.29,tiny,0.2795,0.1115,0.0575,0.075,9
I,0.345,0.265,tiny,,0.111,0.0535,0.065,7
I,0.43,0.32,tiny,0.3675,0.1675,0.102,0.105,8
I,0.52,0.395,small,0.633,0.2985,0.1295,0.175,9
I,0.365,0.27,tiny,0.2225,0.0935,0.0525,0.066,7
I,0.525,0.385,small,0.607,0.2355,0.125,0.195,8
I,0.43,0.35,tiny,0.366,0.1705,0.0855,0.11,6
M,0.555,0.44,medium,1.092,0.41600000000000004,0.212,0.4405,15
F,0.575,0.45,small,0.8285,0.36200000000000004,0.1655,0.23600000000000002,10
M,0.505,0.385,tiny,0.655,0.3185,0.15,0.185,9
I,0.52,0.38,tiny,0.6645,0.3285,0.17,0.1425,7
F,0.695,0.565,large,1.7635,0.7465,0.39899999999999997,0.4975,11
I,0.57,0.45,medium,0.7509999999999999,0.2825,0.2195,0.2215,10
F,0.61,0.48,large,1.2955,0.5215,0.3225,0.365,12
M,0.56,0.45,medium,0.894,0.3885,0.2095,0.264,9
M,0.56,0.445,medium,,0.42,0.2175,0.2215,8
M,0.49,0.39,small,0.5920000000000001,0.242,0.096,0.1835,15
F,0.625,0.485,large,,0.6765,0.2615,0.3705,10
F,0.605,0.5,large,1.1185,0.469,0.2585,0.335,9
F,0.62,0.5,large,1.146,0.47700000000000004,0.23,0.39,13
F,0.625,0.47,large,1.255,0.525,0.2415,0.405,10
M,0.62,0.485,medium,1.003,0.4655,0.2195,0.28,11
M,0.565,0.455,medium,0.9355,0.42100000000000004,0.183,0.26,11
F,0.72,0.575,large,2.1505,1.0745,0.382,0.585,10
M,0.6,0.475,large,1.176,0.5255,0.2875,0.308,9
F,0.71,0.57,large,,0.9925,0.4925,0.48,12
M,0.67,0.51,large,1.68,0.9259999999999999,0.2975,0.3935,13
M,0.665,0.525,medium,1.338,0.5515,0.3575,0.35,18
M,0.33,0.25,tiny,,0.085,0.040999999999999995,0.0605,10
I,0.53,0.425,small,,0.419,0.1205,0.21,9
F,0.54,0.42,small,0.805,0.369,0.1725,0.21,11
M,0.53,0.405,medium,0.8315,0.35200000000000004,0.187,0.2525,10
I,0.52,0.39,small,0.7325,0.2415,0.14400000000000002,0.26,19
M,0.665,0.515,large,1.2695,0.5115,0.2675,0.436,12
M,0.57,0.45,medium,1.1935,0.513,0.21,0.34299999999999997,10
F,0.51,0.39,tiny,0.612,0.187,0.15,0.195,13
F,0.615,0.5,medium,1.1765,0.488,0.244,0.345,17
M,0.485,0.39,small,0.599,0.251,0.1345,0.16899999999999998,8
F,0.605,0.485,medium,,0.435,0.209,0.3,19
I,0.515,0.4,small,0.5925,0.265,0.1175,0.168,9
F,0.67,0.535,large,1.597,0.6275,0.35,0.47,21
I,0.3,0.22,tiny,0.1425,0.057,0.0335,0.043,7
I,0.34,0.25,tiny,0.1785,0.0665,0.0455,0.045,5
F,0.615,0.455,small,1.0590000000000002,0.4735,0.263,0.27399999999999997,9
I,0.46,0.36,tiny,0.466,0.2225,0.099,0.11,7
I,0.5,0.375,medium,0.5795,0.239,0.1375,0.185,9
M,0.56,0.45,medium,0.9355,0.425,0.1645,0.2725,11
F,0.615,0.495,medium,1.198,0.5415,0.2865,0.3185,10
F,0.59,0.45,medium,0.9,0.358,0.156,0.315,19
M,0.625,0.5,large,1.0985,0.4645,0.22,0.354,9
M,0.66,0.535,large,1.791,0.733,0.318,0.54,15
I,0.525,0.405,small,0.657,0.2985,0.1505,0.168,10
F,0.43,0.325,small,0.445,0.165,0.0995,0.155,8
F,0.62,0.5,medium,,0.596,0.3135,0.354,10
I,0.66,0.525,large,,0.6025,0.4005,0.42,15
M,0.46,0.375,small,0.5735,0.2505,0.11900000000000001,0.195,9
M,0.41,0.335,tiny,,0.19,0.085,0.135,8
I,0.375,0.285,tiny,0.2545,0.11900000000000001,0.0595,0.0675,6
I,0.52,0.415,small,0.6385,0.2945,0.1405,0.171,8
I,0.525,0.395,small,0.608,0.297,0.1395,0.1405,8
F,0.61,0.45,small,0.8725,0.389,0.1715,0.272,11
M,0.665,0.535,medium,1.383,0.596,0.2565,0.485,14
M,0.535,0.43,medium,0.7845,0.3285,0.16899999999999998,0.245,10
M,0.475,0.37,small,0.649,0.34700000000000003,0.136,0.142,8
F,0.53,0.425,medium,0.8495,0.32799999999999996,0.23199999999999998,0.20199999999999999,8
I,0.42,0.315,tiny,0.3435,0.157,0.0795,0.09,6
I,0.515,0.39,small,0.565,0.235,0.135,0.179,9
M,0.425,0.325,small,0.3755,0.142,0.1065,0.105,9
M,0.6,0.45,medium,0.8665,0.3695,0.1955,0.255,12
I,0.465,0.34,tiny,0.34600000000000003,0.1425,0.073,0.113,11
M,0.7,0.565,large,1.751,0.895,0.3355,0.446,9
M,0.495,0.375,medium,0.976,0.45,0.2285,0.2475,9
F,0.52,0.41,medium,0.7120000000000001,0.2845,0.153,0.225,10
F,0.615,0.48,medium,1.1615,0.513,0.301,0.305,10
F,0.64,0.5,large,1.2645,0.565,0.3375,0.315,9
M,0.625,0.485,medium,1.2135,0.631,0.2235,0.302,9
F,0.645,0.49,large,1.406,0.4265,0.2285,0.51,25
M,0.72,0.57,large,1.8275,0.919,0.366,0.485,10
I,0.47,0.345,tiny,,0.2005,0.10800000000000001,0.166,11
M,0.76,0.605,large,2.173,0.8009999999999999,0.4915,0.6459999999999999,13
M,0.735,0.59,large,2.0869999999999997,0.909,0.474,0.625,12
M,0.505,0.39,small,0.653,0.3315,0.1385,0.16699999999999998,9
F,0.7,0.575,large,1.7365,0.7755,0.3965,0.461,11
F,0.49,0.39,small,0.5785,0.2465,0.12300000000000001,0.2,13
M,0.475,0.37,small,0.655,0.266,0.1725,0.185,10
F,0.65,0.495,large,1.227,0.528,0.258,0.37,11
F,0.29,0.225,tiny,0.14,0.0515,0.0235,0.04,5
I,0.235,0.16,tiny,0.048,0.0185,0.018000000000000002,0.015,5
F,0.54,0.44,small,0.9590000000000001,0.2385,0.221,0.3,17
M,0.535,0.42,small,0.8055,0.301,0.18100000000000002,0.28,14
M,0.695,0.56,large,1.494,0.588,0.3425,0.485,15
I,0.53,0.38,small,0.616,0.292,0.113,0.185,8
I,0.385,0.28,tiny,0.2755,0.1305,0.061,0.0725,8
I,0.425,0.33,tiny,0.3265,0.1315,0.077,0.10300000000000001,6
F,0.59,0.475,medium,1.1015,0.4775,0.2555,0.295,13
M,0.77,0.6,large,2.1945,1.0515,0.48200000000000004,0.584,10
M,0.615,0.48,large,1.1179999999999999,0.446,0.3195,0.3,9
M,0.595,0.45,medium,0.9590000000000001,0.46299999999999997,0.2065,0.2535,10
I,0.375,0.28,tiny,0.2145,0.0855,0.0485,0.07200000000000001,7
F,0.5,0.38,medium,0.655,0.2405,0.14300000000000002,0.205,17
I,0.43,0.325,tiny,0.309,0.11900000000000001,0.08,0.098,6
F,0.655,0.515,large,1.412,0.6195,0.2485,0.49700000000000005,11
I,0.335,0.26,tiny,,0.078,0.024,0.065,11
I,0.245,0.205,tiny,0.0765,0.034,0.013999999999999999,0.0215,4
F,0.63,0.485,large,1.167,0.5479999999999999,0.2485,0.34,10
I,0.41,0.32,tiny,0.2905,0.141,0.063,0.073,5
I,0.41,0.3,tiny,0.304,0.129,0.071,0.0955,8
M,0.7,0.575,large,2.273,1.095,0.418,0.638,12
F,0.625,0.485,medium,,0.591,0.259,0.3485,9
F,0.585,0.475,large,0.8575,0.3465,0.1785,0.275,12
I,0.395,0.32,tiny,0.3075,0.149,0.0535,0.09,8
F,0.59,0.475,medium,0.9715,0.371,0.235,0.28,11
F,0.595,0.495,large,1.3659999999999999,0.5065,0.21899999999999997,0.52,13
M,0.365,0.295,tiny,,0.09699999999999999,0.043,0.1,7
M,0.54,0.42,large,,0.293,0.163,0.38,10
M,0.575,0.445,small,0.737,0.325,0.1405,0.237,10
F,0.585,0.46,medium,1.0035,0.503,0.2105,0.2515,11
M,0.655,0.525,large,1.402,0.624,0.2935,0.365,13
M,0.5,0.405,medium,0.772,0.34600000000000003,0.1535,0.245,12
I,0.355,0.27,tiny,,0.3045,0.046,0.0595,7
M,0.63,0.515,medium,1.016,0.4215,0.244,0.355,19
I,0.41,0.33,tiny,0.335,0.1525,0.07400000000000001,0.11,7
F,0.455,0.375,small,0.45799999999999996,0.1985,0.111,0.12,10
M,0.56,0.42,medium,0.8755,0.44,0.1965,0.2315,8
F,0.35,0.275,tiny,0.205,0.0745,0.0465,0.07,10
I,0.425,0.34,tiny,,0.16399999999999998,0.096,0.1,6
I,0.415,0.315,tiny,0.3625,0.175,0.0835,0.09300000000000001,6
F,0.64,0.5,large,,0.593,0.314,0.431,11
I,0.53,0.4,small,0.617,0.27899999999999997,0.127,0.19,8
I,0.465,0.38,small,0.45399999999999996,0.1895,0.08,0.155,11
F,0.59,0.455,medium,1.063,0.5155,0.2445,0.25,8
M,0.545,0.42,medium,0.778,0.3745,0.1545,0.205,7
M,0.495,0.4,small,0.7775,0.2015,0.18,0.25,15
I,0.395,0.29,tiny,0.319,0.138,0.08,0.08199999999999999,7
M,0.53,0.41,medium,0.732,0.18899999999999997,0.17,0.31,11
I,0.28,0.21,tiny,0.106,0.0415,0.0265,0.031,5
M,0.615,0.495,large,,0.564,0.22699999999999998,0.3885,10
M,0.445,0.32,small,0.414,0.19899999999999998,0.09,0.11699999999999999,7
M,0.55,0.41,small,0.7605,0.2505,0.1635,0.195,14
I,0.4,0.265,tiny,0.2775,0.1245,0.0605,0.08,9
M,0.545,0.42,small,0.7505,0.2475,0.13,0.255,22
F,0.645,0.5,large,1.626,0.5870000000000001,0.4055,0.41,15
M,0.61,0.485,large,1.2445,0.544,0.297,0.345,12
I,0.31,0.225,tiny,0.1445,0.0675,0.0385,0.045,6
M,0.255,0.18,tiny,,0.034,0.013999999999999999,0.025,5
F,0.665,0.5,large,1.742,0.595,0.3025,0.725,21
M,0.61,0.5,medium,1.2715,0.4915,0.185,0.49,12
F,0.63,0.475,large,1.423,0.4155,0.3385,0.49,14
M,0.605,0.485,large,1.145,0.4325,0.27,0.405,16
M,0.6,0.46,large,1.1805,0.456,0.337,0.32899999999999996,11
I,0.45,0.35,small,0.4775,0.2235,0.08900000000000001,0.11800000000000001,6
I,0.58,0.445,large,,0.3935,0.2165,0.315,20
M,0.59,0.465,small,1.046,0.4695,0.263,0.263,7
F,0.47,0.375,tiny,0.513,0.23199999999999998,0.142,0.13,11
M,0.44,0.375,small,0.48700000000000004,0.226,0.0965,0.155,9
M,0.495,0.39,medium,0.853,0.3285,0.18899999999999997,0.27,14
M,0.69,0.55,large,1.8465,0.732,0.47200000000000003,0.57,19
M,0.655,0.505,medium,1.27,0.6035,0.262,0.335,10
M,0.35,0.265,tiny,0.2255,0.0995,0.0485,0.07,7
M,0.615,0.475,large,1.103,0.4635,0.3095,0.2725,10
M,0.535,0.42,medium,,0.348,0.1515,0.2185,10
I,0.47,0.375,small,0.48700000000000004,0.196,0.099,0.135,8
M,0.57,0.44,medium,0.8815,0.3605,0.1955,0.2735,10
I,0.53,0.415,tiny,0.5745,0.2525,0.1235,0.18899999999999997,9
M,0.405,0.305,tiny,0.2605,0.1145,0.0595,0.085,8
F,0.67,0.55,large,1.3905,0.5425,0.3035,0.4,12
F,0.68,0.56,large,1.7775,0.861,0.322,0.415,11
I,0.5,0.38,small,0.5285,0.226,0.12300000000000001,0.209,8
F,0.625,0.475,small,0.8595,0.3195,0.1775,0.24,13
M,0.725,0.505,large,1.9780000000000002,1.026,0.4255,0.4505,12
M,0.525,0.415,small,0.7945,0.39399999999999996,0.18899999999999997,0.20199999999999999,7
I,0.485,0.385,small,0.568,0.2505,0.17800000000000002,0.154,7
M,0.565,0.445,medium,0.9255,0.4345,0.212,0.2475,9
F,0.745,0.585,large,,0.8435,0.43700000000000006,0.5855,18
M,0.275,0.205,tiny,0.094,0.0335,0.02,0.0325,5
I,0.65,0.525,large,,0.597,0.3445,0.53,18
I,0.55,0.415,medium,0.7815,0.373,0.16,0.2215,8
F,0.415,0.305,small,0.32,0.1305,0.0755,0.105,8
M,0.635,0.515,large,1.275,0.509,0.28600000000000003,0.34,16
F,0.635,0.505,medium,,0.5770000000000001,0.22699999999999998,0.3825,11
I,0.47,0.355,small,0.39299999999999996,0.16699999999999998,0.0885,0.115,8
F,0.335,0.22,tiny,0.17,0.076,0.0365,0.05,6
I,0.565,0.435,medium,0.782,0.2715,0.168,0.285,14
F,0.6,0.475,small,,0.5885,0.191,0.3175,9
F,0.68,0.55,large,1.807,0.8225,0.3655,0.515,11
M,0.68,0.52,large,1.5430000000000001,0.7525,0.35100000000000003,0.374,11
F,0.665,0.52,medium,1.6885,0.7295,0.40700000000000003,0.4265,11
I,0.245,0.195,tiny,0.095,0.0445,0.0245,0.026000000000000002,4
F,0.69,0.56,large,,0.68,0.299,0.47,17
M,0.32,0.24,tiny,0.18,0.08,0.0385,0.055,6
M,0.52,0.415,large,0.753,0.258,0.171,0.255,8
F,0.44,0.345,tiny,0.4285,0.165,0.083,0.132,11
M,0.625,0.49,small,0.8765,0.456,0.18,0.233,10
I,0.36,0.275,tiny,0.2335,0.095,0.0525,0.085,10
F,0.47,0.36,tiny,0.4965,0.237,0.127,0.13,6
I,0.51,0.405,small,0.769,0.3655,0.1585,0.18,7
F,0.52,0.405,medium,0.8290000000000001,0.3535,0.1685,0.205,15
F,0.64,0.5,medium,1.1635,0.5539999999999999,0.239,0.32,11
M,0.495,0.4,small,,0.2605,0.161,0.19,15
M,0.28,0.2,tiny,0.0915,0.033,0.0215,0.03,5
M,0.355,0.28,tiny,0.2455,0.0955,0.062,0.075,11
I,0.565,0.42,medium,0.743,0.31,0.18600000000000003,0.231,9
M,0.635,0.5,medium,1.273,0.6535,0.213,0.365,12
M,0.61,0.46,medium,1.0,0.494,0.19699999999999998,0.275,10
I,0.57,0.425,small,,0.331,0.14,0.24,10
M,0.71,0.57,large,1.348,0.8985,0.4435,0.4535,11
M,0.575,0.445,medium,0.847,0.415,0.1945,0.22,9
I,0.345,0.285,tiny,0.2225,0.0865,0.057999999999999996,0.075,8
I,0.465,0.36,tiny,0.498,0.214,0.11599999999999999,0.14,15
I,0.575,0.45,large,0.9315,0.358,0.2145,0.26,13
F,0.65,0.5,medium,1.3825,0.7020000000000001,0.304,0.3195,9
F,0.66,0.53,large,1.3259999999999998,0.519,0.2625,0.44,13
F,0.515,0.4,small,0.615,0.2865,0.12300000000000001,0.1765,8
M,0.6,0.48,large,1.229,0.4125,0.2735,0.415,13
F,0.435,0.325,tiny,,0.154,0.094,0.12,7
M,0.57,0.435,medium,0.9055,0.3925,0.2355,0.275,10
M,0.52,0.41,tiny,0.77,0.263,0.157,0.26,11
F,0.7,0.535,large,1.7730000000000001,0.6805,0.48,0.512,15
F,0.61,0.495,medium,1.089,0.469,0.198,0.384,11
M,0.48,0.37,small,0.643,0.349,0.1155,0.135,8
M,0.61,0.45,medium,,0.40700000000000003,0.1835,0.25,10
M,0.58,0.47,medium,1.041,0.54,0.166,0.27899999999999997,9
I,0.41,0.305,tiny,0.2625,0.1,0.0515,0.09,6
M,0.405,0.31,tiny,0.385,0.17300000000000001,0.0915,0.11,7
F,0.51,0.39,small,0.6335,0.231,0.179,0.2,9
M,0.535,0.42,small,0.738,0.355,0.1895,0.1795,8
I,0.625,0.43,large,1.411,0.5720000000000001,0.297,0.395,12
M,0.595,0.45,small,0.838,0.3965,0.19399999999999998,0.217,10
M,0.585,0.465,medium,0.9555,0.4595,0.23600000000000002,0.265,7
I,0.48,0.355,small,0.494,0.2385,0.0835,0.15,9
I,0.36,0.28,tiny,0.19899999999999998,0.0695,0.045,0.08,9
F,0.57,0.465,medium,0.9685,0.446,0.261,0.255,9
M,0.54,0.415,large,0.879,0.33899999999999997,0.20800000000000002,0.255,10
M,0.645,0.5,medium,1.3815,0.672,0.326,0.315,9
M,0.415,0.315,small,0.38799999999999996,0.068,0.09,0.125,12
M,0.625,0.5,small,1.082,0.5785,0.2045,0.25,8
F,0.6,0.48,medium,1.1345,0.4535,0.27,0.335,10
F,0.685,0.54,large,1.7025,0.664,0.3655,0.4735,14
M,0.65,0.505,large,1.274,0.59,0.23,0.391,11
I,0.58,0.42,small,0.701,0.3285,0.102,0.2255,9
F,0.645,0.5,large,1.2785,0.5345,0.2995,0.345,13
I,0.38,0.29,tiny,,0.08800000000000001,0.0465,0.075,7
M,0.72,0.565,large,,1.0815,0.4305,0.503,11
M,0.705,0.55,large,,0.655,0.3255,0.462,11
M,0.635,0.495,medium,1.3635,0.583,0.2985,0.295,10
F,0.57,0.43,medium,,0.3875,0.159,0.2285,9
F,0.675,0.57,large,1.587,0.7390000000000001,0.2995,0.435,10
M,0.575,0.47,large,0.985,0.3745,0.2175,0.355,10
F,0.47,0.36,small,,0.182,0.114,0.15,10
I,0.315,0.23,tiny,0.1375,0.0545,0.031,0.0445,5
M,0.62,0.525,medium,1.085,0.45399999999999996,0.1965,0.35,10
F,0.63,0.51,large,1.235,0.5115,0.349,0.3065,11
I,0.52,0.4,tiny,,0.2935,0.1155,0.16,8
I,0.375,0.28,tiny,,0.0935,0.0925,0.07,7
I,0.495,0.375,tiny,0.507,0.24100000000000002,0.10300000000000001,0.15,8
F,0.6,0.47,large,1.031,0.392,0.2035,0.29,15
I,0.31,0.235,tiny,0.151,0.063,0.0405,0.045,6
M,0.33,0.245,tiny,0.171,0.0655,0.0365,0.055,11
F,0.535,0.46,medium,0.7875,0.3395,0.2005,0.2,8
I,0.375,0.28,tiny,0.2565,0.1165,0.0585,0.0725,12
F,0.655,0.505,large,1.3485,0.5935,0.2745,0.425,12
F,0.635,0.52,medium,1.3405,0.5065,0.29600000000000004,0.41200000000000003,11
I,0.56,0.435,small,0.72,0.32899999999999996,0.10300000000000001,0.251,11
F,0.57,0.435,small,0.8585,0.3905,0.196,0.2295,8
I,0.34,0.245,tiny,0.2015,0.1005,0.038,0.053,6
I,0.435,0.33,tiny,0.413,0.2055,0.096,0.096,6
M,0.325,0.24,tiny,0.17300000000000001,0.0795,0.038,0.05,7
I,0.335,0.26,tiny,0.192,0.0785,0.0585,0.07,8
F,0.695,0.535,large,,0.5465,0.2815,0.465,10
M,0.535,0.435,medium,0.7170000000000001,0.3475,0.1445,0.19399999999999998,9
M,0.48,0.36,tiny,0.439,0.19399999999999998,0.099,0.115,8
F,0.46,0.425,medium,0.746,0.3005,0.152,0.24,8
M,0.395,0.295,tiny,0.316,0.1205,0.0595,0.1105,12
F,0.67,0.52,medium,1.406,0.519,0.348,0.37,13
F,0.47,0.355,tiny,0.4755,0.1675,0.0805,0.185,10
M,0.58,0.45,small,0.9615,0.486,0.1815,0.253,9
M,0.37,0.29,tiny,0.24100000000000002,0.11,0.045,0.069,10
F,0.55,0.44,small,0.8435,0.434,0.1995,0.185,8
I,0.5,0.395,small,0.6215,0.2925,0.1205,0.195,9
M,0.53,0.42,medium,0.8945,0.319,0.239,0.245,11
M,0.625,0.48,large,1.2065,0.5870000000000001,0.29,0.28600000000000003,8
I,0.525,0.4,medium,0.6095,0.248,0.159,0.175,9
F,0.67,0.54,large,1.619,0.74,0.3305,0.465,11
M,0.59,0.46,medium,,0.38,0.24,0.255,10
F,0.605,0.475,medium,,0.4695,0.225,0.27,15
I,0.475,0.365,tiny,0.45899999999999996,0.2175,0.09300000000000001,0.1165,7
I,0.435,0.335,tiny,,0.135,0.0785,0.098,7
I,0.295,0.225,tiny,0.124,0.0485,0.032,0.04,9
F,0.565,0.45,large,1.2365,0.5305,0.2455,0.308,10
F,0.55,0.43,small,,0.368,0.161,0.275,9
I,0.28,0.215,tiny,0.124,0.063,0.0215,0.03,6
F,0.585,0.475,medium,,0.45799999999999996,0.217,0.3,11
F,0.33,0.26,tiny,0.2,0.0625,0.05,0.07,9
M,0.575,0.435,medium,0.805,0.293,0.1625,0.27,17
I,0.37,0.27,tiny,0.1855,0.07,0.0425,0.065,7
I,0.575,0.425,small,0.7965,0.364,0.196,0.239,10
F,0.575,0.45,medium,1.068,0.556,0.214,0.2575,10
F,0.62,0.48,large,,0.46399999999999997,0.2225,0.3,9
M,0.63,0.525,large,1.3135,0.4935,0.2565,0.465,10
M,0.645,0.5,large,1.3375,0.5539999999999999,0.308,0.415,10
M,0.565,0.425,tiny,,0.3055,0.166,0.18,12
M,0.635,0.495,medium,1.081,0.4825,0.242,0.31,11
F,0.37,0.28,tiny,0.2305,0.0945,0.0465,0.075,10
F,0.635,0.515,large,,0.5065,0.305,0.45,10
I,0.435,0.345,small,0.4475,0.221,0.11199999999999999,0.125,7
F,0.625,0.485,small,,0.61,0.2675,0.3605,14
M,0.535,0.42,medium,,0.275,0.16399999999999998,0.225,15
I,0.51,0.4,medium,,0.2865,0.1675,0.235,13
M,0.475,0.36,tiny,0.4285,0.1965,0.099,0.11199999999999999,7
M,0.535,0.405,large,0.8345,0.3175,0.1725,0.29,16
F,0.65,0.5,large,1.4415,0.741,0.2955,0.341,9
F,0.565,0.45,large,1.0095,0.447,0.2375,0.2645,9
M,0.595,0.455,medium,0.9420000000000001,0.43,0.182,0.27699999999999997,11
I,0.39,0.29,tiny,0.2225,0.095,0.0465,0.073,7
I,0.625,0.46,medium,1.2395,0.55,0.273,0.38,14
I,0.475,0.365,small,,0.171,0.11800000000000001,0.158,8
M,0.545,0.435,medium,0.9955,0.3245,0.2665,0.325,19
I,0.495,0.385,small,0.585,0.2755,0.1235,0.165,8
F,0.665,0.535,large,1.496,0.5775,0.2815,0.475,17
I,0.475,0.35,tiny,0.4545,0.2165,0.111,0.115,7
M,0.58,0.45,medium,0.8675,0.3935,0.221,0.215,9
F,0.63,0.495,medium,1.147,0.5455,0.266,0.2885,9
F,0.635,0.5,medium,1.4595,0.705,0.2645,0.39,9
I,0.425,0.325,tiny,0.3975,0.1815,0.081,0.1175,7
M,0.63,0.47,medium,1.1325,0.589,0.21100000000000002,0.287,8
F,0.475,0.375,small,0.501,0.192,0.1175,0.175,13
I,0.51,0.395,small,0.6025,0.281,0.14300000000000002,0.162,7
I,0.335,0.25,tiny,0.16699999999999998,0.0675,0.0325,0.0575,6
F,0.625,0.495,medium,1.234,0.6335,0.192,0.35,13
M,0.63,0.5,large,1.2645,0.5635,0.3065,0.3425,10
I,0.28,0.21,tiny,0.111,0.0425,0.0285,0.03,6
M,0.585,0.45,large,0.7995,0.336,0.1855,0.237,8
F,0.66,0.5,medium,1.3765,0.6485,0.28800000000000003,0.335,12
M,0.4,0.315,tiny,0.287,0.1135,0.037000000000000005,0.113,10
F,0.575,0.48,large,1.1,0.506,0.2485,0.31,10
I,0.415,0.325,tiny,0.3215,0.1535,0.0595,0.105,10
F,0.62,0.47,large,1.115,0.37799999999999995,0.2145,0.36,15
M,0.43,0.335,tiny,0.406,0.166,0.0935,0.135,8
I,0.505,0.395,tiny,0.551,0.248,0.10300000000000001,0.171,8
F,0.575,0.46,medium,,0.5379999999999999,0.221,0.249,9
F,0.64,0.475,large,1.1545,0.4865,0.341,0.28800000000000003,9
I,0.385,0.3,tiny,0.247,0.1225,0.044000000000000004,0.0675,5
F,0.395,0.315,tiny,,0.1185,0.091,0.1195,16
I,0.6,0.445,large,1.057,0.38299999999999995,0.21600000000000003,0.355,16
F,0.38,0.29,tiny,0.257,0.099,0.051,0.085,10
F,0.62,0.52,large,1.1835,0.37799999999999995,0.27,0.395,23
M,0.345,0.27,tiny,0.195,0.078,0.0455,0.059000000000000004,9
F,0.53,0.415,tiny,0.5915,0.233,0.1585,0.18,11
I,0.56,0.44,medium,0.8109999999999999,0.3685,0.17800000000000002,0.235,11
M,0.705,0.56,large,1.9809999999999999,0.8175,0.3085,0.76,14
F,0.615,0.48,medium,1.2525,0.585,0.2595,0.33,8
F,0.6,0.45,small,0.8370000000000001,0.37,0.177,0.2425,10
M,0.605,0.475,medium,1.6159999999999999,0.5495,0.332,0.34,18
I,0.46,0.34,tiny,0.386,0.1805,0.0875,0.0965,8
M,0.61,0.475,large,1.024,0.409,0.261,0.322,9
I,0.5,0.38,medium,0.6675,0.2745,0.156,0.18,12
I,0.33,0.26,tiny,0.19,0.0765,0.0385,0.065,7
I,0.47,0.375,tiny,,0.1665,0.10800000000000001,0.17,10
M,0.51,0.39,small,0.769,0.3935,0.1455,0.19,8
F,0.575,0.445,small,0.941,0.3845,0.252,0.285,9
F,0.65,0.52,large,1.281,0.5985,0.24600000000000002,0.3825,10
I,0.57,0.435,large,0.848,0.4,0.166,0.25,9
F,0.52,0.41,large,0.8705,0.3735,0.21899999999999997,0.25,14
I,0.395,0.305,tiny,,0.1135,0.0595,0.0945,8
M,0.53,0.42,small,,0.294,0.156,0.1825,10
F,0.485,0.365,medium,0.9145,0.4145,0.19899999999999998,0.273,7
F,0.68,0.52,large,,0.615,0.3935,0.406,11
F,0.55,0.41,medium,0.8285,0.3095,0.1905,0.25,13
M,0.515,0.425,medium,0.9365,0.49700000000000005,0.18100000000000002,0.2185,8
M,0.59,0.47,large,1.187,0.5985,0.22699999999999998,0.31,9
F,0.595,0.455,small,0.914,0.3895,0.2225,0.271,9
F,0.545,0.41,small,,0.2945,0.1315,0.205,10
I,0.485,0.375,small,,0.266,0.11199999999999999,0.157,8
F,0.515,0.4,tiny,0.578,0.191,0.1445,0.17,9
M,0.675,0.505,medium,1.5319999999999998,0.74,0.35700000000000004,0.3815,11
M,0.62,0.45,large,0.858,0.4285,0.1525,0.2405,8
M,0.36,0.295,tiny,,0.066,0.0525,0.075,9
M,0.615,0.47,medium,1.0285,0.4435,0.2825,0.285,11
M,0.5,0.42,small,0.62,0.255,0.15,0.205,11
F,0.37,0.285,tiny,0.27,0.1125,0.0585,0.0835,9
I,0.435,0.335,tiny,0.298,0.109,0.057999999999999996,0.115,7
M,0.61,0.475,large,1.0265,0.435,0.2335,0.3035,10
F,0.68,0.52,large,1.541,0.5985,0.395,0.4575,10
M,0.66,0.485,medium,1.2275,0.61,0.27399999999999997,0.3,8
M,0.6,0.475,medium,,0.5045,0.2635,0.335,12
F,0.58,0.45,medium,1.137,0.5585,0.22,0.29,8
I,0.36,0.275,tiny,0.2205,0.0985,0.044000000000000004,0.066,7
F,0.65,0.51,medium,1.189,0.483,0.278,0.3645,13
I,0.44,0.32,tiny,0.3275,0.1495,0.059000000000000004,0.1,8
I,0.32,0.235,tiny,,0.057999999999999996,0.0225,0.05,5
I,0.53,0.42,small,0.6579999999999999,0.29600000000000004,0.1245,0.198,8
I,0.36,0.275,tiny,0.217,0.084,0.0435,0.09,7
F,0.62,0.485,medium,1.166,0.483,0.23800000000000002,0.355,13
F,0.675,0.53,large,1.4985,0.62,0.375,0.425,9
M,0.715,0.565,large,1.9525,0.7645,0.4185,0.4135,10
M,0.515,0.38,small,0.6615,0.2875,0.2095,0.155,10
M,0.445,0.345,small,0.47600000000000003,0.2055,0.1015,0.1085,15
F,0.605,0.475,large,1.0759999999999998,0.46299999999999997,0.2195,0.335,9
I,0.29,0.21,tiny,0.1045,0.0415,0.022000000000000002,0.035,5
M,0.675,0.515,medium,1.265,0.6025,0.299,0.325,10
F,0.645,0.515,medium,1.212,0.515,0.2055,0.385,10
M,0.59,0.475,medium,,0.35600000000000004,0.174,0.28,13
I,0.5,0.365,small,,0.22899999999999998,0.10300000000000001,0.1645,9
I,0.43,0.325,tiny,0.425,0.217,0.087,0.095,7
F,0.705,0.56,large,1.4575,0.607,0.318,0.44,11
I,0.23,0.18,tiny,0.064,0.0215,0.0135,0.02,5
F,0.61,0.475,small,1.133,0.5275,0.2355,0.35,11
I,0.475,0.385,tiny,0.5735,0.311,0.1025,0.136,7
F,0.645,0.49,medium,1.1665,0.4935,0.3155,0.299,9
F,0.415,0.34,small,0.3675,0.146,0.0885,0.12,10
F,0.64,0.49,large,1.36,0.653,0.34700000000000003,0.305,9
I,0.4,0.315,tiny,0.33,0.151,0.068,0.08,6
F,0.54,0.415,large,,0.275,0.24100000000000002,0.275,14
M,0.555,0.425,medium,0.873,0.4625,0.1845,0.1965,9
F,0.43,0.34,tiny,0.382,0.154,0.0955,0.109,8
I,0.375,0.29,tiny,0.2875,0.12300000000000001,0.0605,0.08,6
F,0.475,0.35,tiny,0.48700000000000004,0.19399999999999998,0.1455,0.125,13
F,0.645,0.49,medium,,0.5015,0.289,0.319,8
F,0.52,0.415,medium,0.8045,0.3325,0.1725,0.285,10
M,0.625,0.495,large,1.254,0.5815,0.28600000000000003,0.3185,9
I,0.465,0.355,tiny,0.442,0.2085,0.0975,0.1185,7
F,0.59,0.455,medium,1.0659999999999998,0.382,0.2275,0.415,20
F,0.58,0.45,medium,0.92,0.39299999999999996,0.212,0.2895,9
I,0.495,0.4,tiny,0.602,0.2505,0.1265,0.19,8
F,0.57,0.44,small,0.8029999999999999,0.382,0.1525,0.23399999999999999,9
M,0.45,0.35,small,0.4655,0.2075,0.1045,0.135,8
I,0.48,0.36,small,,0.2795,0.1025,0.147,7
M,0.615,0.47,large,1.242,0.5675,0.287,0.317,11
M,0.615,0.47,medium,1.2,0.5085,0.32,0.292,8
I,0.475,0.355,small,0.4865,0.2155,0.1105,0.142,9
M,0.49,0.385,small,0.649,0.32,0.124,0.1695,8
F,0.66,0.525,medium,1.2770000000000001,0.4975,0.319,0.39399999999999996,13
I,0.33,0.25,tiny,0.2085,0.102,0.0395,0.052000000000000005,7
M,0.65,0.51,large,,0.6485,0.2705,0.45,12
M,0.455,0.35,tiny,,0.2,0.111,0.1305,8
M,0.545,0.41,medium,0.873,0.3035,0.196,0.31,18
I,0.51,0.4,small,0.5575,0.2615,0.1195,0.1525,9
M,0.675,0.52,medium,1.3645,0.557,0.3405,0.385,11
I,0.56,0.44,large,0.9445,0.3545,0.2175,0.3,12
M,0.525,0.41,small,,0.3435,0.1495,0.1765,9
I,0.295,0.22,tiny,0.126,0.0515,0.0275,0.035,6
F,0.56,0.425,small,0.932,0.361,0.213,0.335,9
M,0.47,0.365,small,,0.2395,0.1525,0.145,10
F,0.675,0.555,large,1.925,0.713,0.358,0.4535,13
M,0.56,0.46,large,,0.3325,0.157,0.305,12
I,0.455,0.335,tiny,0.42200000000000004,0.22899999999999998,0.0865,0.1,6
F,0.54,0.475,medium,1.217,0.5305,0.3075,0.34,16
M,0.53,0.4,small,0.7575,0.39799999999999996,0.151,0.175,8
I,0.51,0.395,tiny,,0.23399999999999999,0.127,0.165,8
M,0.735,0.59,large,1.7469999999999999,0.7275,0.40299999999999997,0.557,11
M,0.475,0.355,small,0.4625,0.18600000000000003,0.107,0.145,9
M,0.75,0.55,large,1.893,0.9420000000000001,0.397,0.445,11
F,0.565,0.45,medium,0.887,0.37,0.239,0.249,11
M,0.725,0.57,large,2.55,1.0705,0.483,0.725,14
I,0.405,0.3,small,,0.1265,0.07,0.11,7
M,0.59,0.5,medium,1.1420000000000001,0.485,0.265,0.345,9
M,0.605,0.47,medium,1.1735,0.4975,0.2405,0.345,12
F,0.585,0.445,small,0.9129999999999999,0.4305,0.2205,0.253,10
F,0.575,0.46,large,0.9940000000000001,0.392,0.2425,0.34,13
M,0.58,0.44,medium,0.8295,0.3365,0.2005,0.2485,9
M,0.61,0.5,large,1.642,0.532,0.3345,0.69,18
I,0.425,0.34,tiny,0.371,0.15,0.0865,0.115,8
F,0.505,0.41,small,0.657,0.29100000000000004,0.133,0.195,15
M,0.645,0.5,large,1.5595,0.741,0.3715,0.3845,14
F,0.585,0.42,medium,1.034,0.43700000000000006,0.2225,0.32,11
F,0.52,0.41,small,0.6985,0.2945,0.1625,0.215,10
I,0.44,0.33,tiny,0.38,0.19699999999999998,0.079,0.09,7
F,0.56,0.435,medium,0.8715,0.4755,0.1835,0.1835,9
M,0.68,0.53,large,1.5290000000000001,0.7635,0.3115,0.4025,11
F,0.725,0.575,large,2.124,0.765,0.4515,0.85,20
M,0.44,0.35,small,0.451,0.171,0.0705,0.184,16
F,0.55,0.435,large,0.884,0.2875,0.1645,0.28,14
F,0.67,0.51,medium,1.278,0.5605,0.3045,0.358,11
M,0.36,0.27,tiny,,0.083,0.053,0.075,6
F,0.58,0.46,large,1.0170000000000001,0.3515,0.2,0.32,10
I,0.575,0.45,medium,0.872,0.4675,0.18,0.217,9
F,0.675,0.55,large,1.6885,0.562,0.3705,0.6,15
I,0.525,0.41,large,0.8740000000000001,0.3585,0.207,0.205,18
M,0.56,0.455,medium,0.797,0.34,0.19,0.2425,11
M,0.66,0.505,large,1.4385,0.6775,0.285,0.17800000000000002,11
M,0.625,0.5,large,1.2425,0.5995,0.248,0.335,10
I,0.395,0.3,tiny,0.2855,0.1385,0.0625,0.077,5
M,0.55,0.435,medium,0.9059999999999999,0.342,0.21899999999999997,0.295,13
F,0.605,0.475,large,1.382,0.609,0.2325,0.3985,10
I,0.38,0.27,tiny,0.2105,0.0865,0.042,0.07,8
M,0.51,0.41,medium,1.2825,0.569,0.29100000000000004,0.3795,9
I,0.405,0.3,tiny,0.3035,0.15,0.0505,0.08800000000000001,7
F,0.585,0.42,medium,0.9845,0.442,0.2155,0.2875,13
M,0.565,0.45,medium,0.895,0.415,0.195,0.24600000000000002,9
F,0.595,0.45,medium,1.081,0.49,0.2525,0.27899999999999997,12
I,0.5,0.36,small,0.439,0.1875,0.1055,0.1305,8
F,0.645,0.505,medium,1.318,0.55,0.3015,0.335,11
F,0.615,0.5,large,1.3769999999999998,0.5585,0.33,0.292,12
M,0.465,0.375,tiny,0.5,0.21,0.113,0.1505,8
F,0.625,0.485,large,1.3745,0.7335,0.2715,0.332,9
I,0.33,0.25,tiny,0.1405,0.055999999999999994,0.035,0.05,5
I,0.51,0.405,small,0.599,0.3065,0.1155,0.1485,8
F,0.64,0.495,large,,0.49,0.377,0.2875,11
F,0.525,0.4,small,0.6995,0.3115,0.131,0.223,9
I,0.53,0.43,medium,0.7245,0.321,0.1275,0.24,9
I,0.42,0.32,tiny,0.3625,0.174,0.0635,0.105,7
M,0.52,0.385,medium,0.7909999999999999,0.375,0.18,0.1815,10
I,0.2,0.145,tiny,0.036000000000000004,0.0125,0.008,0.011000000000000001,4
M,0.695,0.515,large,1.5165,0.578,0.4105,0.39,15
I,0.42,0.31,tiny,0.2805,0.1125,0.0615,0.0925,8
I,0.46,0.345,small,0.4155,0.198,0.0885,0.107,7
I,0.56,0.425,medium,0.688,0.3095,0.1305,0.2165,9
I,0.51,0.375,tiny,0.5785,0.23800000000000002,0.1225,0.175,7
I,0.615,0.46,large,,0.4335,0.226,0.33,13
F,0.62,0.47,small,,0.3605,0.22399999999999998,0.36,15
M,0.605,0.49,large,1.167,0.457,0.29,0.3745,9
I,0.27,0.2,tiny,0.1,0.034,0.0245,0.035,5
F,0.71,0.575,large,,0.6465,0.3705,0.52,15
F,0.59,0.47,large,0.9,0.355,0.1905,0.25,11
M,0.615,0.48,large,1.1595,0.4845,0.2165,0.325,13
F,0.72,0.595,large,1.969,0.8045,0.423,0.66,16
I,0.49,0.38,small,0.529,0.2165,0.139,0.155,11
F,0.63,0.485,large,1.3205,0.5945,0.345,0.345,9
M,0.285,0.215,tiny,0.106,0.0415,0.023,0.035,5
I,0.38,0.285,tiny,0.243,0.0895,0.0665,0.075,7
F,0.58,0.45,medium,,0.385,0.24600000000000002,0.265,9
M,0.625,0.475,large,1.3405,0.6559999999999999,0.28300000000000003,0.337,10
M,0.645,0.5,large,1.4609999999999999,0.5985,0.2425,0.439,11
M,0.555,0.435,medium,0.9685,0.4985,0.168,0.2385,9
F,0.625,0.515,medium,1.1635,0.4875,0.259,0.355,11
F,0.51,0.375,tiny,0.5805,0.2865,0.11800000000000001,0.14800000000000002,7
M,0.575,0.45,medium,0.8859999999999999,0.3605,0.21100000000000002,0.2575,9
F,0.5,0.385,tiny,0.498,0.1795,0.1095,0.17,17
M,0.6,0.475,large,1.0875,0.40299999999999997,0.2655,0.325,14
F,0.485,0.4,medium,0.731,0.23600000000000002,0.183,0.255,11
F,0.625,0.49,medium,1.127,0.47700000000000004,0.2365,0.3185,9
F,0.72,0.58,large,2.103,1.0265,0.48,0.5375,10
I,0.415,0.33,tiny,0.3595,0.17,0.081,0.09,6
I,0.53,0.41,medium,0.612,0.2435,0.1525,0.1895,11
F,0.52,0.425,medium,0.7,0.207,0.1905,0.24,13
M,0.595,0.475,medium,1.3175,0.408,0.23399999999999999,0.58,21
M,0.73,0.595,large,2.8255,1.1465,0.419,0.897,17
I,0.355,0.26,tiny,0.1985,0.0715,0.0495,0.057999999999999996,7
F,0.48,0.39,small,,0.21899999999999997,0.155,0.2,12
M,0.625,0.465,small,1.195,0.4825,0.205,0.4,13
M,0.375,0.285,tiny,0.253,0.096,0.0575,0.0925,9
F,0.61,0.47,medium,1.0745,0.4925,0.23600000000000002,0.29,8
F,0.465,0.38,small,0.579,0.20800000000000002,0.1095,0.22,14
F,0.49,0.385,medium,0.7865,0.24100000000000002,0.14,0.24,23
I,0.355,0.27,tiny,0.271,0.1425,0.0525,0.0735,9
M,0.665,0.515,medium,1.3855,0.621,0.302,0.3445,8
M,0.465,0.355,tiny,,0.22699999999999998,0.124,0.125,8
F,0.525,0.41,small,,0.293,0.1525,0.235,11
F,0.655,0.49,medium,1.204,0.5455,0.2615,0.3225,9
I,0.4,0.315,tiny,0.2675,0.11599999999999999,0.0585,0.0765,6
I,0.525,0.4,small,0.6455,0.325,0.1245,0.17,8
I,0.445,0.335,tiny,,0.2745,0.086,0.1105,7
I,0.475,0.355,tiny,,0.2535,0.091,0.14,8
I,0.355,0.285,tiny,0.2275,0.0955,0.0475,0.0715,6
I,0.45,0.335,tiny,0.4195,0.18100000000000002,0.085,0.1345,7
I,0.56,0.445,medium,,0.3685,0.187,0.23600000000000002,10
M,0.65,0.515,large,1.3315,0.5665,0.34700000000000003,0.405,13
M,0.625,0.495,large,1.3835,0.7105,0.3005,0.345,11
M,0.515,0.4,small,0.955,0.341,0.2535,0.26,13
I,0.455,0.345,tiny,0.4005,0.16399999999999998,0.0755,0.126,8
I,0.4,0.31,tiny,0.306,0.13,0.06,0.094,6
I,0.485,0.345,medium,0.8690000000000001,0.3085,0.185,0.319,9
F,0.61,0.465,medium,1.0725,0.4835,0.2515,0.28,10
M,0.53,0.435,small,0.7365,0.3275,0.1315,0.22,12
F,0.61,0.43,small,0.909,0.43799999999999994,0.2,0.22,8
I,0.44,0.34,small,0.43799999999999994,0.2115,0.083,0.12,9
M,0.47,0.35,tiny,0.4775,0.1885,0.0885,0.175,8
M,0.595,0.435,medium,,0.4255,0.22399999999999998,0.31,9
I,0.57,0.445,medium,0.7405,0.306,0.172,0.1825,12
I,0.455,0.36,tiny,0.457,0.2085,0.0855,0.147,10
F,0.705,0.555,large,1.4685,0.4715,0.3235,0.52,19
F,0.62,0.51,large,1.2705,0.5415,0.32299999999999995,0.3225,9
I,0.295,0.215,tiny,0.128,0.049,0.034,0.04,6
I,0.4,0.31,tiny,0.127,0.106,0.071,0.085,7
M,0.205,0.155,tiny,0.0425,0.017,0.0055,0.0155,7
M,0.57,0.46,large,0.9035,0.4075,0.1935,0.214,7
I,0.52,0.4,small,0.622,0.278,0.1455,0.16899999999999998,8
I,0.52,0.38,small,0.5345,0.2375,0.122,0.1535,8
M,0.67,0.525,large,,0.6205,0.297,0.657,11
F,0.44,0.33,tiny,0.4005,0.14300000000000002,0.113,0.12,8
F,0.49,0.4,medium,0.6635,0.21,0.1295,0.2515,13
I,0.47,0.355,medium,0.4485,0.156,0.102,0.12300000000000001,7
F,0.465,0.35,tiny,0.4085,0.165,0.102,0.131,8
I,0.29,0.225,tiny,0.152,0.071,0.059000000000000004,0.045,9
I,0.46,0.35,tiny,0.4155,0.18,0.098,0.1175,7
M,0.475,0.395,small,,0.2465,0.1645,0.2,13
I,0.58,0.425,medium,0.83,0.379,0.1605,0.2575,11
M,0.62,0.49,large,,0.5455,0.2965,0.355,13
M,0.43,0.33,tiny,0.34,0.1315,0.085,0.11199999999999999,14
M,0.645,0.5,large,1.229,0.524,0.278,0.395,17
I,0.525,0.415,small,0.596,0.2805,0.12,0.1695,9
I,0.3,0.22,tiny,,0.0475,0.042,0.035,5
F,0.635,0.485,large,1.3765,0.634,0.2885,0.406,11
M,0.68,0.54,medium,1.534,0.6709999999999999,0.379,0.384,10
F,0.56,0.46,large,0.97,0.342,0.196,0.355,12
I,0.56,0.445,medium,0.8735,0.3005,0.209,0.275,16
F,0.67,0.52,large,,0.758,0.3735,0.5055,11
M,0.58,0.465,medium,1.0345,0.315,0.26,0.3635,12
M,0.44,0.325,tiny,0.39,0.163,0.087,0.113,7
I,0.265,0.195,tiny,0.084,0.0365,0.0175,0.025,7
M,0.455,0.35,tiny,0.401,0.1575,0.083,0.135,9
I,0.46,0.35,small,0.4885,0.193,0.105,0.155,11
I,0.42,0.325,small,0.3915,0.1575,0.1025,0.115,9
F,0.435,0.35,tiny,0.4195,0.19399999999999998,0.1005,0.13,7
M,0.565,0.44,large,,0.31,0.193,0.325,14
M,0.645,0.515,large,1.4605,0.5835,0.3155,0.41,19
F,0.64,0.5,medium,1.0705,0.371,0.2705,0.36,8
M,0.575,0.45,medium,0.9765,0.495,0.2145,0.235,9
M,0.63,0.51,large,1.5390000000000001,0.5635,0.2815,0.57,17
M,0.575,0.455,medium,1.013,0.4685,0.2085,0.295,11
F,0.455,0.355,small,0.4495,0.177,0.10400000000000001,0.15,9
F,0.72,0.55,large,1.9965,0.9035,0.469,0.5215,10
I,0.44,0.355,medium,0.435,0.159,0.105,0.14,16
F,0.46,0.35,tiny,,0.19,0.1025,0.13,8
I,0.555,0.435,small,,0.3945,0.15,0.20600000000000002,8
M,0.31,0.22,tiny,0.146,0.061,0.0365,0.045,6
I,0.42,0.325,tiny,0.368,0.1675,0.0625,0.1135,11
F,0.525,0.38,small,0.6065,0.19399999999999998,0.1475,0.21,14
I,0.13,0.095,tiny,0.0105,0.005,0.0065,0.0035,4
M,0.605,0.475,large,,0.39399999999999996,0.21899999999999997,0.295,15
M,0.67,0.505,medium,1.2585,0.6255,0.311,0.308,12
F,0.69,0.54,large,1.2525,0.73,0.3975,0.462,12
M,0.545,0.41,small,0.625,0.223,0.16,0.235,13
I,0.45,0.33,tiny,,0.1945,0.1,0.098,6
F,0.565,0.455,large,1.013,0.342,0.207,0.35,19
I,0.55,0.425,medium,0.8725,0.41200000000000003,0.187,0.2425,10
I,0.32,0.255,tiny,0.1745,0.07200000000000001,0.033,0.057,8
F,0.58,0.46,small,0.9935,0.4625,0.2385,0.28,11
M,0.565,0.44,tiny,0.9185,0.40399999999999997,0.1785,0.29,11
M,0.595,0.455,medium,0.8859999999999999,0.4315,0.201,0.223,10
F,0.59,0.455,medium,,0.465,0.2055,0.2765,10
I,0.285,0.215,tiny,0.0935,0.031,0.023,0.03,6
I,0.245,0.19,tiny,0.086,0.042,0.013999999999999999,0.025,4
I,0.49,0.4,small,0.624,0.3035,0.1285,0.16899999999999998,8
M,0.635,0.5,large,1.2915,0.594,0.2695,0.37,9
M,0.64,0.49,small,1.194,0.4445,0.23800000000000002,0.375,15
F,0.665,0.53,large,1.3955,0.456,0.3205,0.49,15
M,0.56,0.415,medium,0.852,0.43,0.1885,0.205,8
M,0.595,0.47,medium,1.1079999999999999,0.4915,0.2325,0.3345,9
M,0.605,0.47,medium,1.2315,0.6025,0.262,0.2925,11
M,0.63,0.49,large,1.1745,0.5255,0.273,0.33899999999999997,11
F,0.655,0.54,large,1.5585,0.7285,0.402,0.385,11
F,0.5,0.4,small,0.6675,0.261,0.1315,0.22,10
M,0.635,0.48,large,1.064,0.413,0.228,0.36,16
I,0.495,0.38,small,,0.2185,0.11599999999999999,0.16,7
F,0.505,0.39,medium,0.644,0.2475,0.2025,0.1635,9
M,0.55,0.44,small,0.879,0.368,0.2095,0.265,10
F,0.625,0.495,medium,,0.507,0.318,0.39,10
I,0.46,0.365,tiny,0.511,0.2365,0.11800000000000001,0.12300000000000001,7
M,0.635,0.495,large,1.3695,0.657,0.3055,0.365,10
I,0.29,0.21,tiny,0.1195,0.055999999999999994,0.0235,0.03,6
F,0.585,0.465,medium,0.9855,0.4325,0.2145,0.2845,10
F,0.47,0.355,large,0.441,0.1525,0.1165,0.135,8
F,0.645,0.5,medium,1.2205,0.6145,0.23600000000000002,0.3185,10
I,0.4,0.3,tiny,0.318,0.1335,0.0725,0.0935,6
I,0.38,0.275,tiny,0.256,0.11,0.0535,0.0755,6
I,0.545,0.425,small,0.8145,0.305,0.231,0.244,10
I,0.275,0.205,tiny,,0.045,0.0285,0.035,6
M,0.61,0.49,medium,,0.425,0.2025,0.36,23
M,0.61,0.48,small,,0.4375,0.2615,0.27,8
M,0.625,0.49,large,1.3325,0.5705,0.271,0.405,10
F,0.53,0.4,medium,0.772,0.2855,0.1975,0.23,12
F,0.415,0.325,tiny,0.3455,0.1405,0.0765,0.11,9
M,0.62,0.495,large,1.2555,0.5765,0.254,0.355,12
M,0.605,0.475,large,1.1255,0.59,0.247,0.26,10
F,0.475,0.38,small,,0.1735,0.07,0.185,7
M,0.6,0.475,medium,,0.5195,0.223,0.292,11
M,0.63,0.51,large,1.4985,0.4125,0.3075,0.545,16
F,0.485,0.365,small,0.6195,0.2595,0.1445,0.177,14
F,0.39,0.29,small,0.3055,0.121,0.08199999999999999,0.09,7
M,0.62,0.5,medium,1.307,0.6355,0.2545,0.315,9
F,0.665,0.5,large,1.4355,0.643,0.345,0.37,9
M,0.445,0.345,tiny,0.3795,0.14300000000000002,0.07400000000000001,0.125,10
I,0.39,0.315,tiny,0.3095,0.147,0.05,0.09,7
M,0.62,0.5,large,1.3915,0.726,0.2795,0.332,11
M,0.325,0.24,tiny,0.155,0.0475,0.0355,0.06,9
M,0.685,0.51,medium,1.545,0.6859999999999999,0.3775,0.4055,10
F,0.57,0.44,large,1.018,0.447,0.207,0.265,9
I,0.255,0.185,tiny,0.08800000000000001,0.0365,0.021,0.023,5
M,0.365,0.285,tiny,0.2205,0.0855,0.0515,0.07,9
I,0.595,0.47,small,0.9365,0.434,0.184,0.287,10
M,0.595,0.475,large,1.0965,0.419,0.22899999999999998,0.35,17
F,0.595,0.48,medium,1.11,0.498,0.228,0.33,10
F,0.47,0.36,small,0.4775,0.2105,0.1055,0.15,10
M,0.605,0.47,large,1.1405,0.3755,0.2805,0.385,15
M,0.57,0.455,medium,0.96,0.387,0.2385,0.275,11
M,0.575,0.44,medium,0.9615,0.483,0.166,0.275,13
F,0.38,0.3,tiny,0.3215,0.1545,0.075,0.095,9
I,0.55,0.445,tiny,,0.37799999999999995,0.142,0.26,10
I,0.395,0.295,tiny,,0.14300000000000002,0.0665,0.0765,5
I,0.36,0.265,tiny,0.1785,0.0785,0.035,0.054000000000000006,6
F,0.505,0.38,small,0.693,0.391,0.1195,0.1515,8
F,0.655,0.505,medium,1.367,0.5835,0.3515,0.396,10
I,0.5,0.375,small,0.5589999999999999,0.2375,0.135,0.16899999999999998,9
I,0.68,0.53,large,,0.439,0.245,0.34,10
F,0.52,0.395,large,0.64,0.158,0.11,0.245,22
M,0.61,0.475,medium,0.983,0.4565,0.228,0.266,10
M,0.44,0.35,tiny,0.4585,0.2,0.0885,0.13,9
F,0.67,0.525,large,1.42,0.573,0.368,0.3905,10
M,0.66,0.52,large,1.558,0.755,0.298,0.4,10
I,0.39,0.3,tiny,0.252,0.1065,0.053,0.08,7
I,0.3,0.22,tiny,0.1235,0.059000000000000004,0.026000000000000002,0.0315,5
I,0.43,0.34,tiny,0.428,0.2065,0.086,0.115,8
I,0.55,0.425,medium,0.89,0.4325,0.171,0.23600000000000002,10
I,0.16,0.12,tiny,,0.0075,0.0045,0.005,4
I,0.42,0.325,tiny,,0.1295,0.0635,0.1,8
F,0.625,0.5,large,1.273,0.564,0.302,0.374,9
I,0.5,0.38,tiny,,0.28,0.106,0.15,9
I,0.425,0.38,tiny,,0.1285,0.0785,0.1,10
M,0.655,0.49,large,1.3585,0.6395,0.294,0.365,10
M,0.555,0.455,medium,1.0575,0.3925,0.228,0.293,13
M,0.47,0.37,small,0.5225,0.201,0.133,0.165,7
M,0.575,0.47,medium,1.1415,0.4515,0.204,0.4,13
M,0.645,0.5,large,1.286,0.5645,0.28800000000000003,0.386,12
I,0.485,0.37,tiny,0.513,0.21899999999999997,0.1075,0.13,7
M,0.63,0.48,medium,,0.5185,0.248,0.3235,8
M,0.565,0.47,large,1.1420000000000001,0.387,0.258,0.35,17
M,0.53,0.41,small,0.7545,0.3495,0.1715,0.2105,8
M,0.595,0.465,small,0.799,0.3245,0.2,0.23,10
F,0.675,0.545,large,1.7345,0.6845,0.3695,0.605,20
M,0.595,0.46,small,0.852,0.4215,0.2255,0.22699999999999998,9
I,0.475,0.365,tiny,0.49,0.223,0.1235,0.1335,9
I,0.44,0.34,tiny,0.344,0.12300000000000001,0.081,0.125,8
F,0.69,0.55,large,,0.687,0.3675,0.46,12
F,0.475,0.38,medium,0.57,0.16699999999999998,0.11800000000000001,0.187,11
F,0.46,0.35,tiny,0.46,0.2025,0.1115,0.1165,6
I,0.405,0.305,tiny,0.3625,0.1565,0.0705,0.125,10
M,0.63,0.51,large,1.1885,0.4915,0.3065,0.348,7
M,0.68,0.54,large,1.7825,0.5565,0.3235,0.4285,11
F,0.41,0.315,tiny,0.321,0.1255,0.0655,0.095,10
F,0.38,0.32,tiny,0.6475,0.32299999999999995,0.1325,0.16399999999999998,7
M,0.775,0.57,large,2.032,0.735,0.4755,0.6585,17
F,0.6,0.465,medium,1.133,0.466,0.2885,0.298,11
M,0.48,0.37,tiny,0.5135,0.243,0.1015,0.135,8
I,0.505,0.38,small,0.594,0.2595,0.1435,0.18,7
I,0.3,0.22,tiny,0.1255,0.055,0.0265,0.039,6
F,0.59,0.46,medium,1.0115,0.445,0.2615,0.2565,8
I,0.42,0.305,tiny,0.28,0.094,0.0785,0.0955,9
I,0.39,0.295,tiny,0.27899999999999997,0.1155,0.059000000000000004,0.08,7
M,0.55,0.43,large,0.8265,0.4405,0.159,0.225,10
I,0.515,0.4,small,0.5625,0.25,0.1245,0.17,7
I,0.43,0.33,tiny,0.32,0.11800000000000001,0.065,0.12300000000000001,7
F,0.565,0.44,medium,0.915,0.354,0.1935,0.32,12
I,0.48,0.355,tiny,0.4495,0.201,0.08900000000000001,0.14,8
M,0.21,0.15,tiny,0.0385,0.0155,0.0085,0.01,3
F,0.575,0.48,medium,,0.375,0.193,0.29,12
M,0.525,0.425,small,0.812,0.4035,0.1705,0.195,8
F,0.525,0.43,small,0.813,0.3315,0.166,0.1775,12
F,0.64,0.5,large,1.12,0.4955,0.2645,0.32,12
I,0.41,0.31,tiny,,0.1635,0.061,0.091,6
I,0.555,0.455,large,0.8435,0.309,0.1905,0.3,15
F,0.5,0.4,small,0.5765,0.2395,0.126,0.185,10
F,0.64,0.52,large,1.248,0.4245,0.2595,0.48,12
F,0.59,0.455,large,0.966,0.391,0.2455,0.31,10
M,0.575,0.435,small,0.992,0.43200000000000005,0.2225,0.239,10
I,0.565,0.465,medium,1.1815,0.581,0.2215,0.3095,9
F,0.61,0.49,large,1.1775,0.5655,0.2385,0.295,15
I,0.42,0.32,tiny,0.309,0.115,0.0645,0.0945,6
F,0.645,0.51,medium,1.129,0.5015,0.24,0.342,10
M,0.575,0.435,small,1.0105,0.368,0.222,0.32,10
M,0.68,0.545,large,,0.7075,0.364,0.48,11
I,0.435,0.335,tiny,0.41100000000000003,0.2025,0.0945,0.1,7
M,0.58,0.455,medium,,0.4985,0.2115,0.2835,10
F,0.61,0.495,large,1.153,0.536,0.2905,0.245,8
M,0.575,0.475,medium,1.114,0.4955,0.2745,0.29,9
I,0.365,0.295,tiny,0.25,0.1075,0.0545,0.08,9
I,0.665,0.5,large,1.2975,0.6035,0.29100000000000004,0.3595,9
M,0.175,0.135,tiny,0.0305,0.011000000000000001,0.0075,0.01,5
F,0.6,0.48,medium,1.0290000000000001,0.4085,0.2705,0.295,16
F,0.66,0.475,large,1.3695,0.6409999999999999,0.294,0.335,6
M,0.35,0.275,tiny,0.2925,0.1225,0.0635,0.0905,8
F,0.565,0.45,large,0.9285,0.302,0.1805,0.265,12
M,0.54,0.455,small,,0.419,0.255,0.26899999999999996,10
M,0.55,0.415,large,1.042,0.3295,0.2325,0.2905,15
F,0.53,0.43,large,0.775,0.35,0.152,0.235,17
I,0.535,0.41,medium,,0.2745,0.1415,0.1815,12
F,0.495,0.375,medium,,0.2615,0.135,0.17800000000000002,11
M,0.47,0.375,small,0.5805,0.266,0.0935,0.16899999999999998,8
M,0.41,0.3,tiny,0.301,0.124,0.069,0.09,9
F,0.425,0.33,tiny,0.406,0.1635,0.081,0.1355,8
M,0.525,0.395,medium,0.782,0.285,0.1405,0.285,19
M,0.54,0.435,large,0.996,0.3835,0.226,0.325,17
I,0.59,0.45,small,0.86,0.43700000000000006,0.1515,0.245,9
M,0.625,0.495,medium,,0.46,0.1945,0.34,9
M,0.68,0.515,medium,,0.618,0.2625,0.325,11
M,0.7,0.58,large,2.13,0.7415,0.49,0.58,20
F,0.6,0.47,large,1.1345,0.49200000000000005,0.2595,0.3375,10
I,0.375,0.29,small,0.3,0.14,0.0625,0.0825,8
M,0.61,0.47,large,,0.5315,0.2835,0.325,10
M,0.71,0.565,large,2.198,1.012,0.5225,0.5475,11
I,0.32,0.215,tiny,0.305,0.14,0.067,0.0885,6
M,0.495,0.38,small,0.474,0.19699999999999998,0.1065,0.1545,10
F,0.665,0.515,large,1.389,0.5945,0.324,0.395,10
M,0.745,0.565,large,1.931,0.8959999999999999,0.4585,0.5,11
M,0.46,0.36,small,0.6105,0.1955,0.107,0.235,14
I,0.55,0.43,medium,0.7895,0.3745,0.171,0.223,11
I,0.34,0.26,tiny,0.2,0.08,0.0555,0.055,6
M,0.59,0.5,medium,1.1045,0.4565,0.2425,0.34,15
M,0.315,0.25,tiny,,0.0615,0.037000000000000005,0.0795,11
M,0.68,0.52,medium,1.4775,0.7240000000000001,0.27899999999999997,0.406,11
I,0.45,0.355,tiny,0.4585,0.19399999999999998,0.067,0.14,8
I,0.46,0.335,tiny,0.444,0.225,0.0745,0.11,8
M,0.62,0.465,medium,0.9109999999999999,0.375,0.2145,0.278,10
F,0.58,0.445,medium,0.858,0.4,0.156,0.253,8
M,0.64,0.51,large,1.3715,0.5670000000000001,0.307,0.409,10
I,0.295,0.22,tiny,0.1295,0.052000000000000005,0.027999999999999997,0.035,6
I,0.405,0.285,tiny,0.2645,0.1265,0.0505,0.075,6
I,0.575,0.445,medium,,0.45,0.1935,0.24,9
M,0.335,0.26,tiny,0.22,0.0855,0.04,0.085,6
M,0.77,0.605,large,2.0505,0.8005,0.526,0.355,11
I,0.46,0.345,tiny,0.449,0.196,0.0945,0.1265,7
M,0.5,0.38,small,0.5770000000000001,0.26899999999999996,0.1265,0.1535,9
M,0.49,0.38,tiny,0.5539999999999999,0.2935,0.1005,0.15,8
M,0.62,0.465,large,1.3415,0.5705,0.3175,0.355,11
M,0.57,0.45,medium,0.91,0.326,0.1895,0.355,14
M,0.63,0.5,large,,0.5785,0.3125,0.384,10
F,0.475,0.35,tiny,0.452,0.1715,0.092,0.155,11
I,0.44,0.34,small,,0.2965,0.0945,0.1185,6
I,0.31,0.235,tiny,,0.048,0.031,0.04,6
F,0.595,0.455,medium,1.04,0.452,0.2655,0.28800000000000003,9
I,0.55,0.45,small,0.753,0.3445,0.1325,0.24,8
M,0.625,0.5,large,1.369,0.5875,0.2185,0.37,17
F,0.515,0.43,small,,0.36700000000000005,0.2,0.23,8
F,0.525,0.415,medium,0.7155,0.2355,0.171,0.27,13
I,0.45,0.33,tiny,0.44799999999999995,0.20800000000000002,0.08900000000000001,0.12,9
M,0.535,0.44,medium,0.875,0.27899999999999997,0.18,0.3,10
F,0.72,0.575,large,2.226,0.8955,0.405,0.62,13
F,0.615,0.515,large,1.14,0.4305,0.2245,0.42,16
M,0.65,0.51,large,,0.4955,0.2025,0.385,12
F,0.695,0.55,large,1.679,0.805,0.4015,0.3965,10
F,0.575,0.435,medium,1.0305,0.4605,0.218,0.36,8
F,0.65,0.505,large,1.2075,0.5105,0.262,0.39,10
M,0.57,0.415,small,0.88,0.4275,0.1955,0.23800000000000002,13
M,0.53,0.44,large,0.835,0.32,0.2175,0.245,14
I,0.45,0.34,small,0.4045,0.171,0.07,0.1345,8
F,0.5,0.38,small,0.6355,0.27699999999999997,0.14300000000000002,0.1785,8
F,0.48,0.375,tiny,0.525,0.2185,0.1195,0.155,12
M,0.62,0.485,medium,1.0295,0.425,0.2315,0.335,12
I,0.465,0.345,tiny,0.4415,0.1755,0.0905,0.12,7
F,0.555,0.42,small,0.868,0.33,0.243,0.21,13
M,0.53,0.41,small,0.6809999999999999,0.3095,0.1415,0.1835,6
I,0.575,0.45,medium,0.858,0.449,0.166,0.215,10
F,0.485,0.39,tiny,,0.2215,0.1155,0.185,9
M,0.53,0.425,small,0.7020000000000001,0.2975,0.1395,0.22,9
M,0.74,0.535,large,,0.7340000000000001,0.4505,0.335,13
F,0.655,0.51,medium,1.043,0.4795,0.223,0.305,9
M,0.515,0.435,medium,0.8815,0.292,0.20600000000000002,0.255,10
I,0.365,0.275,small,0.24,0.10800000000000001,0.0445,0.0735,7
F,0.575,0.46,medium,0.9575,0.4815,0.1945,0.23600000000000002,10
I,0.525,0.4,small,0.6055,0.2605,0.10800000000000001,0.21,9
F,0.49,0.4,tiny,0.569,0.256,0.1325,0.145,9
F,0.52,0.41,tiny,,0.2855,0.179,0.235,12
F,0.47,0.355,small,0.433,0.1525,0.095,0.152,12
F,0.435,0.35,tiny,0.384,0.14300000000000002,0.1005,0.125,13
M,0.575,0.4,medium,0.9325,0.3605,0.2445,0.3,17
I,0.52,0.4,medium,0.66,0.267,0.1055,0.22,13
M,0.5,0.39,medium,,0.273,0.132,0.22,11
F,0.645,0.525,large,,0.7035,0.3885,0.395,18
I,0.295,0.22,tiny,,0.0575,0.0295,0.035,6
F,0.415,0.325,tiny,0.38,0.1595,0.0785,0.12,12
F,0.72,0.56,large,1.7265,0.637,0.3415,0.525,17
F,0.73,0.555,large,1.6895,0.6555,0.1965,0.4935,10
M,0.675,0.51,large,1.527,0.809,0.318,0.341,11
I,0.47,0.35,small,0.5670000000000001,0.2315,0.1465,0.1525,11
F,0.38,0.305,tiny,0.2815,0.1255,0.0525,0.09,8
I,0.225,0.16,tiny,0.0465,0.025,0.015,0.015,4
I,0.475,0.38,small,0.441,0.1785,0.0885,0.1505,8
I,0.5,0.385,small,0.56,0.2835,0.10300000000000001,0.135,8
F,0.525,0.41,small,0.7905,0.4065,0.198,0.177,8
M,0.65,0.525,large,1.4995,0.6265,0.4005,0.395,14
M,0.65,0.495,large,1.276,0.6215,0.2305,0.39899999999999997,11
M,0.31,0.245,tiny,0.15,0.0525,0.034,0.048,7
I,0.315,0.23,tiny,0.1145,0.046,0.0235,0.0385,5
I,0.585,0.46,medium,0.8465,0.33899999999999997,0.16699999999999998,0.295,10
M,0.645,0.515,medium,1.1845,0.506,0.311,0.335,9
F,0.675,0.525,large,1.7109999999999999,0.8365,0.35200000000000004,0.475,9
F,0.575,0.47,medium,,0.509,0.23800000000000002,0.34,10
F,0.345,0.25,tiny,,0.078,0.059000000000000004,0.055,6
I,0.615,0.49,medium,0.9885,0.4145,0.195,0.345,13
M,0.555,0.45,medium,,0.4,0.24600000000000002,0.285,11
I,0.42,0.325,tiny,0.354,0.1625,0.064,0.105,8
M,0.355,0.26,tiny,0.1905,0.081,0.0485,0.055,6
M,0.515,0.4,small,0.6335,0.28800000000000003,0.145,0.168,9
F,0.5,0.4,medium,0.7105,0.27,0.1455,0.225,20
I,0.535,0.45,medium,0.8075,0.3655,0.14800000000000002,0.2595,10
I,0.485,0.365,small,0.4475,0.1895,0.0925,0.2305,8
M,0.56,0.425,small,0.8490000000000001,0.3265,0.221,0.2645,10
F,0.73,0.57,medium,2.0165,1.0685,0.418,0.435,10
F,0.53,0.42,large,0.828,0.41,0.20800000000000002,0.1505,6
F,0.53,0.415,medium,,0.2935,0.158,0.245,15
F,0.64,0.525,large,1.382,0.6459999999999999,0.3115,0.37,9
F,0.61,0.46,medium,0.9570000000000001,0.4255,0.1975,0.265,8
F,0.53,0.405,medium,0.889,0.4055,0.2275,0.215,8
F,0.71,0.53,large,1.8745,0.6755,0.4065,0.6855,12
I,0.51,0.395,medium,0.5395,0.2465,0.1085,0.16699999999999998,8
F,0.51,0.38,small,0.584,0.22399999999999998,0.1355,0.185,13
M,0.555,0.46,medium,0.86,0.3345,0.1935,0.275,10
F,0.65,0.5,large,1.4045,0.6940000000000001,0.318,0.3235,11
M,0.58,0.46,medium,,0.491,0.221,0.265,9
I,0.315,0.21,tiny,,0.06,0.0375,0.035,5
F,0.655,0.5,large,1.359,0.642,0.3255,0.405,13
F,0.55,0.425,medium,0.797,0.297,0.15,0.265,9
F,0.505,0.425,small,,0.275,0.1625,0.285,19
M,0.46,0.38,small,0.48200000000000004,0.207,0.1225,0.145,10
F,0.515,0.405,small,0.6459999999999999,0.2895,0.1405,0.177,10
F,0.62,0.51,medium,,0.581,0.2875,0.32,13
I,0.435,0.34,tiny,0.40700000000000003,0.1685,0.073,0.13,10
I,0.33,0.26,tiny,0.1965,0.0915,0.0425,0.055,7
F,0.595,0.465,medium,1.026,0.4645,0.11199999999999999,0.305,12
M,0.49,0.39,small,0.7070000000000001,0.2795,0.2185,0.18,13
I,0.175,0.125,tiny,,0.0095,0.008,0.009000000000000001,4
M,0.655,0.55,large,1.274,0.586,0.281,0.365,10
F,0.505,0.375,tiny,0.5895,0.2635,0.12,0.16699999999999998,10
I,0.45,0.34,tiny,0.3245,0.1385,0.064,0.105,8
I,0.335,0.26,tiny,0.192,0.09699999999999999,0.03,0.054000000000000006,6
M,0.47,0.37,small,0.547,0.222,0.1325,0.17,12
I,0.19,0.13,tiny,,0.0155,0.015,0.01,6
M,0.6,0.465,large,1.2590000000000001,0.6405,0.1985,0.35700000000000004,9
F,0.565,0.46,medium,0.8765,0.3455,0.1925,0.275,10
I,0.435,0.325,small,,0.1815,0.061,0.1125,8
M,0.48,0.365,small,0.5305,0.2405,0.127,0.139,8
I,0.52,0.41,small,0.595,0.2385,0.111,0.19,8
F,0.54,0.385,small,0.7655,0.3265,0.11599999999999999,0.2365,10
F,0.665,0.515,large,,0.5595,0.293,0.4375,11
I,0.46,0.37,small,0.5335,0.2645,0.10800000000000001,0.1345,6
M,0.575,0.46,medium,0.9155,0.4005,0.2465,0.2385,8
F,0.515,0.395,small,0.6859999999999999,0.281,0.1255,0.22,12
I,0.485,0.37,tiny,0.637,0.38,0.1335,0.128,7
M,0.44,0.365,small,0.516,0.2155,0.114,0.155,10
F,0.615,0.455,medium,1.1155,0.5045,0.23800000000000002,0.315,10
I,0.395,0.29,tiny,0.304,0.127,0.084,0.077,6
I,0.605,0.485,medium,1.238,0.6315,0.226,0.33,11
I,0.275,0.175,tiny,0.2315,0.096,0.057,0.0705,5
F,0.72,0.545,large,1.7185,0.7925,0.401,0.46799999999999997,11
F,0.64,0.54,large,1.2209999999999999,0.51,0.259,0.39,15
M,0.6,0.475,large,1.11,0.5105,0.256,0.285,9
M,0.61,0.49,medium,1.146,0.597,0.24600000000000002,0.265,8
I,0.495,0.375,small,0.614,0.2855,0.1365,0.161,8
I,0.385,0.3,small,0.34299999999999997,0.1705,0.0735,0.081,7
F,0.545,0.41,tiny,0.6765,0.29,0.158,0.22,9
I,0.365,0.27,tiny,0.1875,0.081,0.042,0.057999999999999996,6
I,0.37,0.275,tiny,0.2325,0.09300000000000001,0.055999999999999994,0.07200000000000001,6
M,0.47,0.375,small,0.5795,0.2145,0.16399999999999998,0.195,13
I,0.28,0.205,tiny,0.127,0.052000000000000005,0.039,0.042,9
M,0.525,0.365,large,0.9605,0.43799999999999994,0.2225,0.276,10
I,0.585,0.46,small,0.7635,0.326,0.153,0.265,9
F,0.485,0.375,medium,0.5885,0.2385,0.1155,0.19,13
M,0.575,0.465,small,1.0535,0.516,0.2185,0.235,9
M,0.565,0.44,large,1.122,0.39299999999999996,0.2,0.375,20
M,0.645,0.51,large,1.4745,0.605,0.345,0.48,9
M,0.655,0.53,large,1.3880000000000001,0.5670000000000001,0.2735,0.41,13
I,0.505,0.39,large,0.6125,0.267,0.142,0.172,7
M,0.245,0.18,tiny,0.0635,0.0245,0.0135,0.02,4
F,0.675,0.565,large,1.8375,0.7645,0.3615,0.5529999999999999,12
I,0.63,0.49,large,,0.5515,0.212,0.31,11
I,0.49,0.39,small,0.511,0.2205,0.10300000000000001,0.1745,9
I,0.43,0.345,tiny,0.4295,0.212,0.10800000000000001,0.109,8
I,0.455,0.37,small,0.433,0.201,0.1265,0.145,9
F,0.72,0.575,large,,0.9129999999999999,0.389,0.51,13
M,0.735,0.57,large,1.88,0.9095,0.387,0.488,11
I,0.465,0.37,tiny,0.5055,0.23399999999999999,0.11,0.14,7
M,0.57,0.445,medium,1.0145,0.516,0.16399999999999998,0.3,10
F,0.605,0.495,large,1.0915,0.4365,0.2715,0.335,13
F,0.6,0.485,medium,0.7759999999999999,0.3545,0.1585,0.239,9
M,0.525,0.38,small,0.65,0.303,0.155,0.159,7
M,0.58,0.44,medium,1.0465,0.518,0.2185,0.2795,10
M,0.545,0.44,small,0.8565,0.3475,0.1715,0.24,12
M,0.745,0.575,large,1.8840000000000001,0.9540000000000001,0.336,0.495,12
F,0.635,0.505,large,1.2635,0.512,0.322,0.355,9
M,0.355,0.29,tiny,0.3275,0.134,0.086,0.09,9
F,0.555,0.425,small,0.963,0.44,0.22399999999999998,0.24,7
M,0.55,0.44,medium,0.985,0.4645,0.201,0.27,8
I,0.44,0.32,tiny,0.3875,0.1755,0.07400000000000001,0.12,9
I,0.405,0.3,tiny,0.26899999999999996,0.10300000000000001,0.067,0.11,6
M,0.64,0.505,large,1.297,0.59,0.3125,0.363,11
M,0.595,0.48,medium,1.262,0.4835,0.28300000000000003,0.41,17
M,0.67,0.525,large,1.4405,0.6595,0.2675,0.425,9
M,0.65,0.525,large,1.6219999999999999,0.6645,0.3225,0.47700000000000004,10
I,0.465,0.36,tiny,0.452,0.22,0.159,0.1035,9
F,0.58,0.445,small,,0.484,0.182,0.2325,8
F,0.66,0.535,large,1.4415,0.5925,0.2775,0.49,10
I,0.53,0.43,small,,0.34600000000000003,0.1415,0.18899999999999997,9
M,0.645,0.505,medium,1.307,0.4335,0.262,0.52,10
I,0.54,0.405,medium,0.7585,0.307,0.2075,0.19,10
I,0.155,0.105,tiny,0.0175,0.005,0.0035,0.005,4
M,0.58,0.47,medium,0.927,0.3215,0.1985,0.315,11
M,0.615,0.53,large,1.12,0.5775,0.2095,0.28600000000000003,9
I,0.62,0.475,medium,0.907,0.371,0.16699999999999998,0.3075,11
I,0.53,0.43,small,0.6255,0.245,0.1455,0.2135,10
I,0.54,0.43,small,0.8195,0.3935,0.1725,0.2295,9
M,0.425,0.335,tiny,0.4085,0.1755,0.092,0.135,9
F,0.58,0.46,large,,0.65,0.2205,0.3055,9
I,0.615,0.475,small,0.8425,0.353,0.1915,0.251,8
F,0.46,0.355,small,0.45799999999999996,0.192,0.1055,0.13,13
I,0.31,0.215,tiny,0.1275,0.0565,0.0275,0.036000000000000004,7
F,0.69,0.535,large,1.8259999999999998,0.797,0.409,0.499,11
M,0.615,0.47,medium,1.0875,0.4975,0.28300000000000003,0.2685,9
M,0.685,0.55,large,1.7725,0.813,0.387,0.49,11
I,0.39,0.285,tiny,,0.1275,0.062,0.077,7
F,0.665,0.53,large,1.4909999999999999,0.6345,0.342,0.435,10
M,0.495,0.4,medium,0.8085,0.2345,0.1155,0.35,6
F,0.635,0.495,large,1.2109999999999999,0.7070000000000001,0.2725,0.32299999999999995,9
M,0.435,0.335,tiny,0.4385,0.2075,0.0715,0.1315,7
I,0.525,0.4,small,0.5655,0.2435,0.11900000000000001,0.175,8
F,0.705,0.56,large,2.381,0.9915,0.5005,0.624,10
F,0.585,0.45,small,0.8740000000000001,0.3545,0.2075,0.225,6
M,0.62,0.49,medium,1.1,0.505,0.2475,0.31,9
F,0.705,0.53,large,1.564,0.612,0.39399999999999996,0.44,10
I,0.355,0.275,tiny,0.251,0.09699999999999999,0.053,0.08,7
M,0.64,0.495,large,1.139,0.5395,0.282,0.285,10
I,0.44,0.34,tiny,0.40700000000000003,0.209,0.0735,0.10300000000000001,7
M,0.67,0.515,medium,,0.526,0.285,0.316,11
F,0.55,0.43,small,0.84,0.375,0.218,0.1945,8
M,0.535,0.41,small,,0.2855,0.1525,0.32,14
M,0.57,0.475,large,1.0295,0.4635,0.1905,0.305,18
F,0.545,0.415,medium,,0.272,0.1455,0.2765,10
F,0.595,0.475,medium,1.148,0.444,0.214,0.37,10
F,0.575,0.465,large,1.099,0.4735,0.20199999999999999,0.35,9
M,0.57,0.43,small,1.0615,0.348,0.16699999999999998,0.31,15
I,0.42,0.31,tiny,0.2865,0.115,0.0735,0.085,8
M,0.565,0.43,medium,,0.4245,0.1735,0.21899999999999997,10
I,0.35,0.265,tiny,0.209,0.066,0.059000000000000004,0.075,9
I,0.58,0.445,small,0.7095,0.303,0.1405,0.235,9
F,0.52,0.43,medium,0.728,0.302,0.1575,0.235,11
F,0.53,0.395,tiny,0.5685,0.249,0.1375,0.161,9
F,0.57,0.465,large,,0.33899999999999997,0.2225,0.44,12
M,0.58,0.43,small,0.9115,0.446,0.2075,0.121,10
I,0.525,0.4,small,0.654,0.305,0.16,0.16899999999999998,7
I,0.56,0.445,medium,0.8320000000000001,0.3455,0.179,0.27899999999999997,9
I,0.36,0.27,tiny,0.196,0.0905,0.034,0.053,7
I,0.33,0.23,tiny,0.1695,0.079,0.026000000000000002,0.0505,6
F,0.72,0.59,large,1.7495,0.7755,0.4225,0.48,11
M,0.59,0.485,small,,0.39,0.182,0.29,16
M,0.71,0.555,large,2.14,1.2455,0.3725,0.434,11
M,0.555,0.455,small,0.8370000000000001,0.382,0.171,0.235,9
F,0.7,0.575,large,1.7975,0.7295,0.3935,0.5165,13
I,0.2,0.155,tiny,0.0435,0.0155,0.009000000000000001,0.006999999999999999,4
I,0.575,0.43,small,0.7425,0.2895,0.2005,0.22,8
M,0.255,0.195,tiny,0.08,0.0315,0.018000000000000002,0.027000000000000003,8
M,0.665,0.535,large,1.6059999999999999,0.5755,0.38799999999999996,0.48,14
I,0.42,0.33,tiny,0.35200000000000004,0.1635,0.08900000000000001,0.1,9
F,0.625,0.49,medium,0.92,0.43700000000000006,0.1735,0.28,10
I,0.56,0.445,medium,1.0285,0.4535,0.253,0.275,11
I,0.475,0.42,medium,0.7095,0.35,0.1505,0.1845,8
I,0.61,0.425,medium,,0.507,0.1955,0.27399999999999997,11
I,0.415,0.32,tiny,0.3735,0.175,0.0755,0.109,7
F,0.645,0.51,large,1.6195,0.7815,0.322,0.4675,12
M,0.7,0.54,large,1.74,0.7885,0.373,0.4865,13
M,0.555,0.45,large,0.8740000000000001,0.3275,0.20199999999999999,0.305,10
I,0.41,0.315,tiny,0.3,0.124,0.0575,0.1,8
F,0.595,0.475,medium,1.1405,0.547,0.231,0.271,6
I,0.555,0.425,small,0.648,0.2835,0.133,0.2105,8
F,0.65,0.535,large,1.2895,0.6095,0.2765,0.344,10
F,0.575,0.42,small,0.857,0.461,0.147,0.2125,10
F,0.6,0.475,large,1.088,0.4905,0.2475,0.31,10
I,0.65,0.515,medium,1.1625,0.495,0.203,0.33,17
M,0.55,0.44,medium,0.9155,0.3645,0.195,0.25,8
I,0.41,0.31,tiny,0.315,0.124,0.08199999999999999,0.095,9
F,0.52,0.405,small,0.6435,0.2415,0.1735,0.21,12
I,0.415,0.32,tiny,0.3045,0.1215,0.0735,0.094,7
F,0.815,0.65,large,2.255,0.8905,0.42,0.7975,14
I,0.575,0.44,medium,0.983,0.486,0.215,0.239,8
F,0.515,0.425,small,0.7659999999999999,0.304,0.1725,0.255,14
M,0.46,0.375,small,0.4935,0.18600000000000003,0.0845,0.17,12
I,0.29,0.215,tiny,0.1115,0.053,0.0185,0.032,5
F,0.47,0.36,medium,0.537,0.1725,0.1375,0.195,15
I,0.385,0.305,tiny,0.252,0.0915,0.055,0.09,14
I,0.2,0.145,tiny,0.037000000000000005,0.0125,0.0095,0.011000000000000001,4
F,0.36,0.265,tiny,0.2165,0.096,0.037000000000000005,0.0735,10
F,0.54,0.44,medium,1.0905,0.391,0.2295,0.355,15
F,0.665,0.525,large,1.6440000000000001,0.818,0.3395,0.4275,10
F,0.435,0.395,tiny,0.3635,0.136,0.098,0.13,9
M,0.525,0.41,small,0.99,0.3865,0.243,0.295,15
I,0.325,0.245,tiny,0.1495,0.0605,0.033,0.045,5
I,0.555,0.43,medium,0.7829999999999999,0.345,0.1755,0.247,9
M,0.63,0.495,medium,1.093,0.49700000000000005,0.221,0.315,12
I,0.14,0.105,tiny,0.013999999999999999,0.0055,0.0025,0.004,3
F,0.48,0.38,small,0.608,0.2705,0.1405,0.185,8
F,0.47,0.35,medium,0.5175,0.187,0.1235,0.18,11
M,0.57,0.435,large,0.873,0.382,0.183,0.2705,10
M,0.53,0.415,small,0.8425,0.275,0.1945,0.265,20
M,0.68,0.54,large,1.7885,0.8345,0.408,0.43700000000000006,13
F,0.635,0.505,medium,,0.505,0.2655,0.315,10
I,0.525,0.4,small,0.601,0.2625,0.1285,0.1835,9
F,0.625,0.485,large,1.1745,0.4385,0.2305,0.42,17
M,0.585,0.455,small,1.0270000000000001,0.391,0.212,0.25,17
F,0.58,0.455,medium,0.9215,0.312,0.196,0.3,17
F,0.525,0.425,small,0.8735,0.4205,0.182,0.2225,10
M,0.525,0.395,small,0.7635,0.3375,0.1425,0.225,8
I,0.54,0.425,small,0.8155,0.3675,0.1365,0.24600000000000002,11
M,0.375,0.3,tiny,0.2465,0.10400000000000001,0.0475,0.083,11
I,0.255,0.19,tiny,0.0865,0.0345,0.0205,0.025,5
F,0.595,0.485,medium,1.2515,0.5035,0.2925,0.33,14
I,0.38,0.275,tiny,0.2425,0.106,0.0485,0.21,6
I,0.575,0.45,small,,0.45,0.162,0.225,10
M,0.545,0.425,small,0.8445,0.373,0.21,0.235,10
F,0.52,0.4,small,0.6865,0.295,0.1715,0.185,9
I,0.53,0.405,small,0.632,0.2715,0.14800000000000002,0.1875,9
M,0.59,0.49,small,1.008,0.42200000000000004,0.2245,0.285,11
F,0.6,0.475,medium,1.21,0.653,0.1695,0.3205,10
I,0.6,0.445,small,0.9205,0.445,0.2035,0.253,9
M,0.59,0.47,large,1.1235,0.4205,0.2805,0.36,13
F,0.465,0.39,small,,0.213,0.1075,0.215,15
M,0.65,0.525,large,1.3685,0.5975,0.29600000000000004,0.4,11
I,0.53,0.405,small,0.6615,0.2945,0.1395,0.19,9
F,0.62,0.48,large,,0.40299999999999997,0.245,0.355,14
F,0.655,0.51,medium,1.092,0.396,0.2825,0.37,14
M,0.59,0.5,large,1.187,0.41200000000000003,0.2705,0.37,16
F,0.45,0.335,tiny,0.425,0.1865,0.091,0.115,9
M,0.65,0.515,large,1.3745,0.75,0.1805,0.369,12
I,0.365,0.27,tiny,0.2155,0.0915,0.0475,0.063,6
F,0.615,0.475,large,1.055,0.5429999999999999,0.24600000000000002,0.2345,9
F,0.525,0.415,medium,0.7055,0.32899999999999996,0.147,0.19899999999999998,10
M,0.625,0.48,large,1.2229999999999999,0.565,0.2975,0.3375,10
I,0.46,0.36,small,0.447,0.161,0.087,0.16,9
I,0.55,0.425,medium,,0.33899999999999997,0.17600000000000002,0.21,8
F,0.575,0.485,medium,,0.419,0.264,0.3,14
M,0.64,0.515,medium,,0.632,0.3415,0.358,10
I,0.375,0.285,tiny,0.257,0.1045,0.062,0.075,7
I,0.4,0.29,tiny,,0.1205,0.0605,0.0765,5
M,0.56,0.44,medium,0.8645,0.3305,0.2075,0.26,10
F,0.67,0.545,medium,1.5415,0.5985,0.2565,0.495,15
M,0.385,0.31,tiny,0.2845,0.1065,0.075,0.1,11
I,0.385,0.29,tiny,0.23199999999999998,0.0855,0.0495,0.08,7
F,0.695,0.525,large,1.8185,0.8190000000000001,0.4025,0.4525,13
M,0.495,0.385,small,0.7090000000000001,0.21100000000000002,0.1375,0.262,12
F,0.455,0.355,large,0.594,0.332,0.11599999999999999,0.1335,8
M,0.69,0.525,large,1.7825,0.9165,0.3325,0.461,12
M,0.7,0.55,large,,0.6565,0.2985,0.375,12
M,0.68,0.515,large,,0.8415,0.306,0.395,11
M,0.45,0.345,tiny,0.4115,0.18,0.1125,0.135,7
M,0.48,0.375,small,0.5895,0.2535,0.128,0.172,11
I,0.555,0.43,medium,0.7395,0.3135,0.1435,0.28,10
I,0.355,0.27,tiny,0.1775,0.079,0.0315,0.054000000000000006,6
I,0.435,0.375,tiny,0.4155,0.17,0.076,0.145,8
M,0.27,0.195,tiny,0.106,0.0465,0.018000000000000002,0.036000000000000004,7
I,0.32,0.24,tiny,0.133,0.0585,0.0255,0.040999999999999995,6
M,0.72,0.565,medium,1.187,0.691,0.1945,0.2685,8
I,0.32,0.235,tiny,0.1485,0.064,0.031,0.045,6
I,0.47,0.355,tiny,0.4155,0.16699999999999998,0.084,0.139,7
I,0.535,0.4,small,0.657,0.2835,0.162,0.175,7
F,0.48,0.385,small,0.536,0.1895,0.142,0.17300000000000001,14
F,0.62,0.465,small,1.011,0.479,0.2385,0.255,8
F,0.545,0.405,large,,0.2585,0.207,0.38,18
M,0.425,0.33,tiny,0.361,0.134,0.0825,0.125,7
M,0.295,0.215,tiny,0.129,0.05,0.0295,0.04,7
I,0.455,0.365,small,0.441,0.1515,0.1165,0.145,9
M,0.445,0.35,tiny,0.3615,0.1565,0.0695,0.11699999999999999,8
I,0.41,0.305,tiny,0.3535,0.157,0.0745,0.1,7
M,0.58,0.47,medium,0.9975,0.3935,0.242,0.33,10
I,0.5,0.39,small,0.5955,0.2455,0.147,0.17300000000000001,8
M,0.535,0.44,medium,0.6765,0.256,0.139,0.26,12
F,0.605,0.47,medium,1.0835,0.5405,0.2215,0.275,12
M,0.555,0.4,small,0.7075,0.332,0.1585,0.18,7
F,0.4,0.325,small,0.3185,0.134,0.0565,0.095,8
M,0.525,0.405,small,0.7575,0.3305,0.21600000000000003,0.195,10
I,0.525,0.43,medium,0.7365,0.3225,0.161,0.215,11
I,0.44,0.345,tiny,0.366,0.122,0.0905,0.12,13
M,0.7,0.55,large,1.6245,0.675,0.34700000000000003,0.535,13
F,0.635,0.5,medium,1.376,0.6495,0.361,0.31,10
F,0.565,0.48,large,0.9570000000000001,0.3885,0.215,0.275,18
M,0.62,0.48,medium,1.2555,0.527,0.374,0.3175,11
I,0.285,0.22,tiny,,0.0405,0.0205,0.03,5
M,0.65,0.525,large,1.6125,0.777,0.3685,0.3965,11
M,0.555,0.445,small,,0.336,0.1625,0.275,13
M,0.65,0.525,large,1.3455,0.586,0.278,0.3865,9
I,0.365,0.265,small,,0.105,0.047,0.0605,7
F,0.615,0.495,medium,1.255,0.5815,0.3195,0.3225,12
M,0.58,0.455,medium,,0.4765,0.2155,0.265,8
F,0.695,0.56,large,1.7715,0.8195,0.331,0.43700000000000006,10
F,0.36,0.265,tiny,0.2065,0.078,0.057,0.06,8
M,0.63,0.515,large,1.385,0.6355,0.2955,0.38,11
I,0.295,0.23,tiny,0.1625,0.065,0.05,0.0385,5
F,0.6,0.47,large,1.0805,0.4995,0.2245,0.3205,9
M,0.165,0.125,tiny,0.0245,0.0095,0.0045,0.008,4
I,0.425,0.34,tiny,0.3515,0.1625,0.08199999999999999,0.094,7
M,0.57,0.455,medium,0.8320000000000001,0.3585,0.174,0.27699999999999997,11
I,0.405,0.305,tiny,,0.1145,0.053,0.085,7
M,0.385,0.285,tiny,0.2905,0.1215,0.0685,0.0875,12
I,0.305,0.23,tiny,0.1455,0.0595,0.0305,0.05,6
F,0.56,0.455,medium,0.9670000000000001,0.4525,0.207,0.27399999999999997,9
M,0.62,0.515,large,1.2209999999999999,0.535,0.24100000000000002,0.395,13
I,0.435,0.335,tiny,0.38299999999999995,0.1555,0.0675,0.135,12
M,0.52,0.38,small,0.5825,0.2505,0.1565,0.175,8
M,0.65,0.52,large,,0.615,0.2775,0.336,9
M,0.535,0.41,medium,0.8105,0.345,0.187,0.24,11
M,0.47,0.365,small,0.612,0.327,0.15,0.14,8
M,0.5,0.42,small,0.6765,0.302,0.1415,0.2065,9
M,0.65,0.525,large,1.4275,0.69,0.306,0.4355,13
I,0.55,0.435,small,0.7535,0.3285,0.1555,0.2325,10
M,0.36,0.295,tiny,,0.0865,0.053,0.095,8
M,0.595,0.455,medium,1.044,0.518,0.2205,0.27,9
M,0.5,0.39,small,0.7090000000000001,0.275,0.168,0.18,11
M,0.465,0.36,tiny,0.488,0.188,0.0845,0.19,10
I,0.3,0.23,tiny,,0.055999999999999994,0.0365,0.037000000000000005,6
I,0.61,0.475,medium,0.9665,0.4145,0.2,0.345,10
I,0.445,0.32,small,0.37799999999999995,0.152,0.0825,0.12,8
I,0.435,0.335,tiny,0.3295,0.129,0.07,0.11,7
I,0.345,0.255,tiny,0.2005,0.105,0.037000000000000005,0.05,5
M,0.5,0.355,small,0.528,0.2125,0.149,0.14,9
M,0.415,0.31,tiny,0.3245,0.1305,0.0735,0.115,8
F,0.63,0.495,large,1.4255,0.659,0.336,0.38,11
M,0.52,0.4,small,,0.298,0.1805,0.265,15
I,0.375,0.28,tiny,0.2025,0.0825,0.048,0.065,8
I,0.44,0.335,tiny,,0.175,0.0835,0.111,7
I,0.35,0.26,tiny,0.21100000000000002,0.086,0.055999999999999994,0.068,7
M,0.625,0.47,large,1.1665,0.4605,0.2565,0.3945,11
F,0.625,0.48,large,1.3525,0.6235,0.278,0.365,10
I,0.55,0.435,medium,,0.34,0.19399999999999998,0.244,8
I,0.485,0.39,small,0.591,0.287,0.141,0.12,9
I,0.28,0.21,tiny,0.1065,0.039,0.0295,0.03,4
M,0.53,0.435,medium,0.6990000000000001,0.28800000000000003,0.1595,0.205,10
I,0.54,0.425,small,0.742,0.32,0.1395,0.25,9
I,0.335,0.24,tiny,0.17,0.062,0.039,0.055,9
I,0.405,0.25,tiny,0.2875,0.128,0.063,0.0805,7
M,0.585,0.51,medium,,0.639,0.24100000000000002,0.3,11
I,0.27,0.205,tiny,0.084,0.03,0.0185,0.028999999999999998,6
M,0.7,0.55,large,1.5230000000000001,0.693,0.306,0.4405,13
I,0.63,0.475,medium,1.0605,0.5165,0.2195,0.28,10
M,0.46,0.355,small,0.491,0.207,0.115,0.174,10
F,0.58,0.45,large,0.8265,0.4035,0.17300000000000001,0.225,9
F,0.585,0.45,medium,0.9045,0.405,0.2215,0.2335,8
M,0.475,0.385,medium,0.6175,0.235,0.10800000000000001,0.215,14
M,0.45,0.335,small,0.349,0.11900000000000001,0.1055,0.115,10
I,0.405,0.3,tiny,0.2885,0.138,0.0635,0.0765,6
M,0.65,0.52,large,1.676,0.693,0.44,0.47,15
M,0.605,0.455,medium,1.1035,0.42100000000000004,0.3015,0.325,9
M,0.485,0.355,small,0.547,0.215,0.1615,0.14,10
F,0.655,0.46,medium,1.494,0.6895,0.331,0.1825,9
M,0.565,0.43,small,,0.3495,0.1885,0.213,9
I,0.41,0.335,tiny,,0.1405,0.064,0.105,7
F,0.695,0.535,large,1.8385,0.8035,0.396,0.503,10
I,0.515,0.415,small,0.7125,0.285,0.152,0.245,10
M,0.62,0.505,large,1.5275,0.69,0.368,0.35,13
F,0.395,0.3,tiny,0.3375,0.1435,0.0755,0.098,12
F,0.65,0.545,medium,1.5659999999999998,0.6645,0.3455,0.415,16
F,0.56,0.445,large,0.981,0.305,0.2245,0.335,16
I,0.425,0.31,tiny,0.301,0.1385,0.065,0.08,7
I,0.44,0.345,small,,0.1655,0.083,0.11,7
I,0.415,0.31,tiny,0.311,0.1125,0.0625,0.115,8
M,0.585,0.47,medium,,0.8,0.22899999999999998,0.295,10
I,0.27,0.205,tiny,,0.059000000000000004,0.031,0.0305,4
I,0.415,0.31,tiny,0.3595,0.16699999999999998,0.083,0.0915,6
F,0.645,0.55,large,1.2915,0.57,0.3045,0.33,14
F,0.67,0.505,large,1.0145,0.4375,0.271,0.3745,10
I,0.52,0.405,small,0.5775,0.2,0.145,0.179,11
M,0.56,0.45,medium,,0.3595,0.271,0.35,10
I,0.465,0.37,tiny,0.445,0.1635,0.096,0.166,7
M,0.645,0.495,medium,,0.603,0.2225,0.33899999999999997,9
M,0.765,0.585,large,2.398,1.128,0.512,0.5335,12
I,0.49,0.385,tiny,0.6829999999999999,0.3265,0.1615,0.165,13
I,0.135,0.13,tiny,0.028999999999999998,0.0125,0.0065,0.008,4
M,0.66,0.515,medium,1.4415,0.7055,0.3555,0.335,10
F,0.575,0.46,medium,1.124,0.2985,0.1785,0.44,13
M,0.615,0.495,large,1.304,0.5795,0.3115,0.371,14
F,0.605,0.485,medium,1.0565,0.37,0.2355,0.355,10
F,0.445,0.325,small,,0.1785,0.1125,0.14,9
F,0.58,0.475,medium,0.9740000000000001,0.4305,0.23,0.285,10
M,0.58,0.45,medium,0.927,0.276,0.1815,0.36,14
I,0.185,0.375,small,0.4645,0.196,0.1045,0.15,6
F,0.58,0.45,large,0.9705,0.4615,0.23199999999999998,0.248,9
I,0.58,0.435,medium,0.8915,0.363,0.1925,0.2515,6
F,0.495,0.38,small,0.573,0.2655,0.1285,0.14400000000000002,7
M,0.615,0.485,large,0.9615,0.42200000000000004,0.17600000000000002,0.29,11
I,0.465,0.375,small,0.47100000000000003,0.222,0.11900000000000001,0.14,9
F,0.605,0.485,medium,1.2009999999999998,0.41700000000000004,0.2875,0.38,9
M,0.575,0.455,medium,1.165,0.581,0.2275,0.3,14
I,0.43,0.325,tiny,0.3675,0.1355,0.0935,0.12,13
F,0.53,0.41,medium,0.8115,0.24,0.16899999999999998,0.24,19
F,0.62,0.49,medium,1.056,0.493,0.244,0.2725,9
M,0.54,0.405,medium,0.9715,0.3225,0.19399999999999998,0.29,19
I,0.605,0.435,small,0.9025,0.43200000000000005,0.174,0.26,11
I,0.215,0.165,tiny,,0.0265,0.0125,0.0185,5
F,0.625,0.475,medium,1.3335,0.605,0.2875,0.319,10
M,0.59,0.465,medium,1.136,0.5245,0.2615,0.275,11
I,0.55,0.42,small,,0.294,0.14400000000000002,0.1755,8
I,0.165,0.12,tiny,0.0215,0.006999999999999999,0.005,0.005,3
F,0.54,0.42,small,0.7505,0.368,0.1675,0.1845,9
F,0.52,0.425,medium,0.813,0.385,0.2015,0.23,10
F,0.55,0.405,small,0.6509999999999999,0.2965,0.13699999999999998,0.2,9
I,0.63,0.465,medium,1.0315,0.4265,0.24,0.325,11
I,0.445,0.325,tiny,0.37799999999999995,0.1795,0.1,0.08900000000000001,7
M,0.63,0.465,medium,1.0270000000000001,0.537,0.188,0.17600000000000002,8
F,0.545,0.415,large,1.358,0.5670000000000001,0.318,0.40299999999999997,10
F,0.525,0.43,medium,0.7170000000000001,0.289,0.1745,0.195,10
F,0.565,0.45,medium,0.8495,0.4215,0.1685,0.225,8
M,0.4,0.305,small,,0.096,0.0675,0.105,9
M,0.635,0.51,large,1.308,0.544,0.318,0.377,8
F,0.635,0.475,medium,1.1845,0.5329999999999999,0.307,0.29100000000000004,10
I,0.325,0.24,tiny,0.152,0.0565,0.0305,0.054000000000000006,8
F,0.695,0.55,medium,1.6365,0.6940000000000001,0.3005,0.44,13
M,0.48,0.365,small,0.6015,0.312,0.11699999999999999,0.14,7
M,0.7,0.565,large,1.8565,0.8445,0.3935,0.54,10
F,0.655,0.52,large,,0.713,0.314,0.466,9
F,0.475,0.365,small,0.4805,0.1905,0.114,0.1475,12
M,0.5,0.4,medium,0.6025,0.21600000000000003,0.138,0.21,11
I,0.305,0.215,tiny,0.1075,0.044000000000000004,0.0205,0.038,5
M,0.6,0.475,large,1.1315,0.508,0.272,0.309,10
M,0.655,0.515,large,1.3730000000000002,0.44299999999999995,0.3375,0.49,16
I,0.565,0.43,small,0.8545,0.321,0.1775,0.275,11
M,0.485,0.365,medium,,0.4235,0.2285,0.313,8
F,0.615,0.475,large,,0.4695,0.2355,0.345,14
F,0.625,0.48,medium,1.2035,0.5865,0.239,0.3185,12
M,0.41,0.325,tiny,,0.146,0.07200000000000001,0.105,9
I,0.21,0.15,tiny,0.042,0.0175,0.0125,0.015,4
M,0.405,0.305,small,0.3185,0.1235,0.0905,0.095,7
I,0.415,0.31,tiny,0.34,0.18100000000000002,0.057,0.083,6
M,0.595,0.49,large,1.185,0.48200000000000004,0.2015,0.361,10
I,0.35,0.26,tiny,0.174,0.0705,0.0345,0.06,10
M,0.465,0.405,small,,0.436,0.1715,0.1455,10
I,0.455,0.345,tiny,0.434,0.207,0.0855,0.1215,8
I,0.215,0.15,tiny,0.040999999999999995,0.015,0.009000000000000001,0.0125,3
I,0.515,0.39,small,0.5705,0.23800000000000002,0.1265,0.185,8
F,0.46,0.33,medium,0.5325,0.2085,0.1805,0.125,10
M,0.625,0.515,medium,1.217,0.667,0.2065,0.3115,10
M,0.57,0.47,medium,1.186,0.6355,0.2315,0.27699999999999997,10
I,0.18,0.125,tiny,0.0265,0.0095,0.0055,0.0085,4
F,0.55,0.43,small,0.7135,0.2565,0.18600000000000003,0.225,9
M,0.565,0.435,large,1.032,0.354,0.2045,0.31,20
M,0.63,0.485,large,1.3,0.4335,0.2945,0.46,23
F,0.505,0.41,medium,0.6345,0.243,0.1335,0.215,17
F,0.63,0.48,large,1.3675,0.5015,0.3035,0.515,17
F,0.48,0.4,small,0.759,0.2125,0.179,0.24,15
M,0.585,0.465,medium,0.98,0.4315,0.2545,0.247,9
I,0.515,0.395,small,0.556,0.2695,0.096,0.17,8
M,0.505,0.365,tiny,0.521,0.25,0.096,0.15,8
M,0.62,0.47,medium,,0.5870000000000001,0.4405,0.325,9
I,0.275,0.2,tiny,0.1165,0.0565,0.013000000000000001,0.035,7
I,0.48,0.39,medium,,0.2315,0.121,0.255,15
F,0.58,0.455,large,0.9075,0.374,0.2135,0.285,13
M,0.51,0.415,medium,0.7509999999999999,0.3295,0.1835,0.203,8
F,0.425,0.35,tiny,0.4425,0.175,0.0755,0.175,7
M,0.5,0.39,small,0.6595,0.3145,0.1535,0.1565,6
I,0.455,0.37,tiny,0.514,0.2385,0.1235,0.126,8
M,0.45,0.34,small,0.3715,0.1605,0.0795,0.105,9
I,0.53,0.415,medium,0.9440000000000001,0.3845,0.185,0.265,21
I,0.47,0.355,small,0.3685,0.126,0.0835,0.1365,6
F,0.605,0.49,medium,1.1345,0.4305,0.2525,0.35,10
F,0.58,0.45,large,1.071,0.3,0.20600000000000002,0.395,14
F,0.625,0.49,large,1.3825,0.5895,0.285,0.381,11
M,0.395,0.28,tiny,0.266,0.0995,0.066,0.09,12
F,0.625,0.5,medium,1.288,0.573,0.3035,0.315,9
F,0.725,0.6,large,1.7369999999999999,0.6970000000000001,0.3585,0.595,11
F,0.61,0.48,medium,1.234,0.598,0.23800000000000002,0.315,12
I,0.545,0.43,small,0.687,0.2615,0.1405,0.25,9
I,0.37,0.275,tiny,0.2065,0.096,0.0395,0.057999999999999996,7
M,0.615,0.49,large,1.145,0.4915,0.20800000000000002,0.34299999999999997,13
I,0.475,0.35,tiny,0.498,0.2375,0.099,0.14,7
M,0.645,0.485,medium,1.2215,0.5695,0.2735,0.33,9
F,0.52,0.46,medium,,0.523,0.1985,0.254,7
F,0.62,0.485,large,1.271,0.531,0.3075,0.37,11
F,0.625,0.49,tiny,1.136,0.5265,0.1915,0.2925,9
I,0.215,0.15,tiny,0.0385,0.0115,0.005,0.01,5
I,0.525,0.405,medium,0.795,0.3075,0.205,0.255,14
I,0.575,0.45,small,0.8145,0.40299999999999997,0.1715,0.213,10
M,0.465,0.36,tiny,0.4955,0.2665,0.085,0.121,7
M,0.63,0.485,medium,1.2429999999999999,0.623,0.275,0.3,10
M,0.48,0.375,tiny,,0.3205,0.1065,0.17,6
M,0.49,0.39,medium,0.573,0.225,0.124,0.17,21
M,0.67,0.5,large,1.5190000000000001,0.616,0.38799999999999996,0.415,10
I,0.62,0.49,medium,1.0659999999999998,0.446,0.24600000000000002,0.305,11
M,0.57,0.42,small,0.8745,0.41600000000000004,0.165,0.25,8
M,0.67,0.51,large,1.5265,0.6509999999999999,0.4475,0.345,10
I,0.365,0.26,tiny,,0.0935,0.0445,0.07,9
M,0.58,0.46,medium,1.0490000000000002,0.5205,0.1935,0.305,10
I,0.375,0.285,tiny,0.237,0.106,0.0395,0.08,8
I,0.555,0.395,small,0.5585,0.222,0.1245,0.17,9
I,0.495,0.38,small,0.512,0.233,0.1205,0.136,7
I,0.55,0.435,small,0.7995,0.295,0.1905,0.23800000000000002,10
F,0.47,0.375,small,0.5615,0.252,0.13699999999999998,0.18,10
I,0.405,0.3,tiny,0.304,0.1455,0.061,0.0805,6
I,0.505,0.405,small,0.6015,0.3015,0.11,0.18,8
I,0.5,0.37,tiny,0.5745,0.306,0.11199999999999999,0.141,7
F,0.675,0.535,medium,1.41,0.5920000000000001,0.3175,0.42,16
M,0.58,0.465,medium,0.9065,0.371,0.1965,0.29,8
M,0.64,0.52,large,,0.5660000000000001,0.304,0.455,17
F,0.695,0.56,large,1.834,0.8455,0.42200000000000004,0.455,11
M,0.555,0.435,medium,0.9205,0.40399999999999997,0.2275,0.255,8
I,0.47,0.385,small,0.5870000000000001,0.264,0.11699999999999999,0.174,8
I,0.385,0.3,tiny,0.302,0.152,0.0615,0.0735,7
M,0.6,0.46,medium,0.6655,0.285,0.149,0.26899999999999996,11
F,0.41,0.305,tiny,0.363,0.1735,0.065,0.11,11
F,0.635,0.5,large,1.29,0.593,0.3045,0.35200000000000004,8
I,0.535,0.42,medium,,0.273,0.1515,0.237,9
M,0.61,0.48,large,1.137,0.4565,0.29,0.34700000000000003,10
I,0.52,0.4,small,0.5825,0.233,0.1365,0.18,10
F,0.57,0.42,medium,0.8875,0.4315,0.1915,0.223,8
F,0.56,0.445,large,0.903,0.3575,0.2045,0.295,9
M,0.485,0.41,medium,0.696,0.2405,0.1625,0.265,13
I,0.185,0.135,tiny,0.032,0.011000000000000001,0.0065,0.01,4
I,0.335,0.25,tiny,,0.0705,0.044000000000000004,0.055,7
M,0.63,0.515,medium,1.2590000000000001,0.4105,0.19699999999999998,0.41,13
F,0.685,0.565,large,1.6380000000000001,0.7775,0.375,0.43799999999999994,11
F,0.37,0.295,tiny,0.2685,0.1165,0.055999999999999994,0.0835,7
F,0.57,0.44,small,,0.3785,0.201,0.305,17
F,0.69,0.58,large,1.6580000000000001,0.708,0.3615,0.4715,10
M,0.415,0.305,tiny,0.325,0.156,0.0505,0.091,6
M,0.465,0.355,small,0.5315,0.2725,0.09699999999999999,0.1395,8
I,0.67,0.485,large,1.2565,0.5355,0.322,0.386,9
I,0.44,0.34,tiny,0.379,0.1725,0.0815,0.10099999999999999,7
I,0.485,0.37,tiny,0.457,0.1885,0.0965,0.15,9
M,0.635,0.51,large,1.3555,0.619,0.305,0.39,9
I,0.635,0.5,large,,0.5485,0.292,0.49,16
I,0.38,0.275,tiny,0.2505,0.0945,0.0655,0.075,6
M,0.66,0.495,large,1.6275,0.594,0.3595,0.485,10
I,0.625,0.47,medium,1.1955,0.643,0.2055,0.3145,12
M,0.55,0.46,large,0.8690000000000001,0.3155,0.1825,0.32,10
F,0.56,0.41,medium,0.8215,0.342,0.184,0.253,9
M,0.38,0.285,tiny,0.2665,0.115,0.061,0.075,11
I,0.42,0.31,tiny,0.27899999999999997,0.1255,0.051,0.08800000000000001,6
I,0.56,0.44,medium,0.8,0.335,0.1735,0.25,12
F,0.66,0.525,large,,0.7765,0.397,0.3605,10
M,0.485,0.39,tiny,0.6435,0.2945,0.10300000000000001,0.198,8
M,0.685,0.52,medium,,0.6990000000000001,0.3685,0.4,10
I,0.33,0.245,tiny,0.1445,0.057999999999999996,0.032,0.0505,6
I,0.25,0.18,tiny,0.0805,0.0345,0.0185,0.0215,4
M,0.625,0.495,medium,1.177,0.5055,0.278,0.345,9
M,0.725,0.57,large,2.3305,1.253,0.541,0.52,9
M,0.6,0.495,large,1.3005,0.6195,0.284,0.3285,11
M,0.65,0.51,large,1.3165,0.6345,0.2605,0.364,12
M,0.535,0.42,medium,0.7909999999999999,0.33,0.18899999999999997,0.25,10
M,0.565,0.445,medium,0.7959999999999999,0.3635,0.184,0.21899999999999997,8
M,0.5,0.365,small,0.5945,0.309,0.1085,0.1535,9
F,0.7,0.575,large,,0.605,0.447,0.5379999999999999,13
M,0.62,0.47,medium,,0.511,0.2715,0.2565,10
M,0.63,0.505,medium,1.105,0.49200000000000005,0.226,0.325,11
F,0.37,0.275,tiny,0.2405,0.10400000000000001,0.0535,0.07,5
I,0.525,0.39,small,0.664,0.3115,0.147,0.17800000000000002,9
M,0.615,0.475,medium,1.0375,0.47600000000000003,0.2325,0.28300000000000003,9
M,0.64,0.51,large,1.6130000000000002,0.6215,0.361,0.47,14
I,0.37,0.275,small,0.2215,0.09699999999999999,0.0455,0.0615,6
I,0.495,0.355,small,0.4965,0.214,0.1045,0.1495,8
M,0.6,0.46,large,1.14,0.423,0.2575,0.365,10
F,0.655,0.51,large,1.415,0.5885,0.3725,0.364,10
M,0.59,0.46,medium,0.9059999999999999,0.327,0.1485,0.335,15
M,0.595,0.455,medium,1.041,0.41600000000000004,0.2105,0.365,14
I,0.505,0.38,small,,0.2645,0.095,0.165,9
I,0.42,0.325,tiny,0.325,0.1245,0.0755,0.1025,7
I,0.52,0.385,tiny,0.581,0.2555,0.156,0.14300000000000002,10
M,0.63,0.49,medium,1.09,0.40700000000000003,0.22399999999999998,0.354,12
M,0.6,0.45,large,1.34,0.617,0.3255,0.3605,10
I,0.44,0.325,tiny,0.4965,0.258,0.1195,0.1075,8
I,0.48,0.37,small,0.514,0.2075,0.131,0.155,13
F,0.715,0.565,large,2.1995,0.7245,0.465,0.885,17
M,0.52,0.4,small,0.58,0.23399999999999999,0.1315,0.185,8
I,0.225,0.17,tiny,0.0515,0.019,0.012,0.017,4
I,0.45,0.335,tiny,0.447,0.2335,0.153,0.11900000000000001,7
F,0.6,0.465,medium,1.04,0.4755,0.25,0.28,11
M,0.565,0.465,medium,1.1285,0.377,0.3525,0.33,16
F,0.645,0.485,medium,1.151,0.5935,0.2315,0.293,12
I,0.36,0.26,tiny,,0.07400000000000001,0.0315,0.06,5
F,0.565,0.455,medium,0.8205,0.365,0.159,0.26,18
F,0.605,0.47,medium,0.9740000000000001,0.39299999999999996,0.22399999999999998,0.3345,9
M,0.6,0.49,large,1.9875,1.005,0.419,0.491,10
I,0.47,0.355,small,0.4915,0.1765,0.1125,0.1325,9
M,0.57,0.44,tiny,0.8270000000000001,0.3395,0.2215,0.235,8
I,0.52,0.41,small,0.6990000000000001,0.3395,0.129,0.1945,10
I,0.575,0.435,small,0.805,0.3155,0.2155,0.245,10
F,0.62,0.475,medium,1.1295,0.46299999999999997,0.2685,0.33,10
F,0.55,0.45,medium,0.875,0.36200000000000004,0.1755,0.2765,10
F,0.625,0.49,large,1.7015,0.7465,0.4105,0.3855,11
I,0.415,0.325,tiny,0.385,0.16699999999999998,0.08,0.125,7
F,0.58,0.445,medium,0.888,0.41,0.1815,0.2425,8
M,0.555,0.425,small,,0.264,0.168,0.275,13
I,0.36,0.27,tiny,0.21899999999999997,0.09699999999999999,0.0405,0.065,6
I,0.65,0.52,medium,1.238,0.5495,0.29600000000000004,0.3305,10
F,0.595,0.45,medium,1.114,0.5865,0.2205,0.25,11
M,0.615,0.455,small,0.9685,0.49,0.182,0.2655,10
F,0.455,0.35,small,0.4555,0.1945,0.1045,0.1375,7
F,0.45,0.36,tiny,0.447,0.203,0.08199999999999999,0.13,12
I,0.5,0.375,small,0.5695,0.259,0.124,0.157,7
M,0.58,0.45,small,,0.3465,0.1765,0.263,10
F,0.46,0.375,small,0.4605,0.1775,0.11,0.15,7
F,0.625,0.5,medium,1.217,0.5725,0.207,0.355,11
I,0.46,0.34,tiny,0.384,0.1795,0.068,0.11,8
I,0.36,0.27,tiny,0.2075,0.098,0.039,0.062,6
F,0.5,0.39,small,0.6355,0.2505,0.1635,0.195,15
I,0.515,0.4,small,0.7165,0.3495,0.1595,0.1785,8
I,0.51,0.4,small,0.5935,0.239,0.13,0.204,8
F,0.5,0.375,tiny,0.5945,0.185,0.14800000000000002,0.19,11
F,0.395,0.295,tiny,0.2245,0.078,0.054000000000000006,0.08,10
I,0.395,0.29,tiny,0.3,0.158,0.068,0.078,7
M,0.385,0.275,tiny,0.2685,0.0975,0.0825,0.085,8
F,0.71,0.545,large,1.9069999999999998,0.8725,0.4565,0.475,11
F,0.655,0.545,medium,1.6225,0.6555,0.299,0.513,12
M,0.565,0.425,medium,0.9425,0.3495,0.2185,0.275,17
M,0.39,0.28,small,,0.3035,0.0955,0.14300000000000002,7
F,0.61,0.485,large,1.3445,0.535,0.2205,0.515,20
M,0.58,0.455,small,,0.41,0.1725,0.225,8
I,0.58,0.46,small,0.8295,0.3915,0.165,0.23800000000000002,10
F,0.57,0.45,large,1.0979999999999999,0.414,0.187,0.405,20
I,0.475,0.375,tiny,0.494,0.21100000000000002,0.109,0.1545,8
I,0.285,0.215,tiny,0.1075,0.051,0.0225,0.027000000000000003,6
F,0.705,0.535,large,1.8659999999999999,0.929,0.3835,0.4395,10
I,0.255,0.19,tiny,,0.04,0.0185,0.025,5
M,0.595,0.47,medium,0.991,0.4035,0.1505,0.34,16
M,0.5,0.375,medium,0.636,0.2535,0.145,0.19,10
M,0.65,0.505,large,1.469,0.7115,0.3335,0.38,9
F,0.65,0.565,large,1.6645,0.753,0.36700000000000005,0.43,12
M,0.54,0.42,small,0.8075,0.3485,0.1795,0.235,11
M,0.595,0.46,medium,1.03,0.4275,0.207,0.3305,10
M,0.235,0.17,tiny,0.0515,0.018000000000000002,0.0105,0.0195,7
M,0.68,0.53,large,1.496,0.5825,0.337,0.465,14
I,0.44,0.365,tiny,0.501,0.2435,0.084,0.1465,9
I,0.56,0.425,small,0.8205,0.3715,0.185,0.23600000000000002,9
F,0.725,0.53,large,1.7315,0.83,0.39799999999999996,0.405,11
I,0.255,0.185,tiny,0.0925,0.039,0.021,0.025,6
I,0.375,0.275,tiny,,0.11,0.0415,0.0775,6
F,0.55,0.47,medium,0.897,0.377,0.184,0.29,9
F,0.575,0.46,medium,1.065,0.4985,0.2145,0.2815,8
F,0.535,0.425,medium,0.7765,0.302,0.1565,0.25,16
F,0.6,0.48,large,1.056,0.4575,0.2435,0.3135,10
M,0.455,0.365,tiny,0.514,0.2245,0.10099999999999999,0.15,15
M,0.61,0.475,medium,,0.428,0.2205,0.315,15
F,0.685,0.53,large,1.5105,0.7385,0.3525,0.3725,10
I,0.605,0.47,medium,0.8025,0.379,0.2265,0.22,9
F,0.505,0.4,small,0.583,0.24600000000000002,0.13,0.175,7
M,0.57,0.46,medium,1.0005,0.45399999999999996,0.205,0.265,11
F,0.55,0.45,medium,0.741,0.295,0.1435,0.2665,10
M,0.56,0.43,medium,,0.46399999999999997,0.1775,0.23399999999999999,9
F,0.66,0.535,large,1.5175,0.711,0.3125,0.415,12
I,0.43,0.34,tiny,,0.1395,0.0665,0.12,8
M,0.705,0.565,large,,1.1075,0.4865,0.512,10
F,0.595,0.48,large,0.975,0.358,0.2035,0.34,15
M,0.5,0.39,small,0.7815,0.361,0.1575,0.2385,9
I,0.43,0.34,small,0.384,0.1375,0.061,0.146,14
F,0.53,0.43,medium,0.741,0.325,0.1855,0.196,9
M,0.55,0.385,small,0.7275,0.34299999999999997,0.1625,0.19,8
M,0.605,0.49,small,,0.419,0.20600000000000002,0.315,10
F,0.595,0.465,medium,,0.402,0.2415,0.31,12
M,0.34,0.255,tiny,0.213,0.081,0.034,0.07,9
M,0.7,0.6,large,,0.8105,0.4045,0.5755,10
M,0.445,0.355,tiny,0.4415,0.1805,0.1035,0.1505,10
M,0.615,0.47,medium,1.128,0.4465,0.2195,0.34,10
M,0.69,0.53,large,1.5830000000000002,0.7355,0.405,0.3865,12
F,0.645,0.52,large,,0.58,0.28800000000000003,0.37,12
F,0.53,0.405,small,0.6355,0.2635,0.1565,0.185,9
M,0.635,0.525,large,,0.55,0.3115,0.43,20
I,0.44,0.335,tiny,0.4215,0.17300000000000001,0.0765,0.113,7
F,0.5,0.4,small,,0.2565,0.1755,0.22,8
I,0.28,0.215,tiny,0.132,0.07200000000000001,0.022000000000000002,0.033,5
I,0.38,0.29,tiny,,0.10800000000000001,0.0395,0.08199999999999999,6
I,0.32,0.24,tiny,0.1575,0.07,0.0265,0.0425,5
F,0.66,0.53,large,1.3485,0.493,0.245,0.49,12
I,0.275,0.2,tiny,0.096,0.037000000000000005,0.0225,0.03,6
I,0.275,0.215,tiny,,0.0485,0.028999999999999998,0.035,7
F,0.44,0.35,small,,0.175,0.063,0.129,9
I,0.55,0.425,small,0.664,0.2695,0.163,0.21,8
M,0.55,0.435,small,0.7625,0.327,0.1685,0.259,10
I,0.465,0.325,small,0.7615,0.36200000000000004,0.1535,0.209,10
F,0.64,0.48,medium,1.1145,0.508,0.24,0.34,10
F,0.635,0.495,tiny,1.1565,0.5115,0.308,0.2885,9
I,0.52,0.395,small,,0.3005,0.131,0.1905,9
I,0.235,0.18,tiny,0.057999999999999996,0.022000000000000002,0.0145,0.018000000000000002,6
M,0.66,0.515,medium,,0.6940000000000001,0.298,0.3755,10
I,0.325,0.24,tiny,0.152,0.065,0.0305,0.045,6
I,0.56,0.44,small,0.825,0.402,0.139,0.245,10
M,0.7,0.545,large,1.6135,0.75,0.4035,0.3685,11
M,0.465,0.36,tiny,0.5795,0.295,0.1395,0.12,7
M,0.505,0.405,tiny,0.625,0.305,0.16,0.175,9
M,0.61,0.485,medium,1.3305,0.7829999999999999,0.2255,0.2865,9
I,0.45,0.34,small,0.4925,0.24100000000000002,0.1075,0.12,6
M,0.515,0.39,small,0.6779999999999999,0.341,0.1325,0.11900000000000001,8
M,0.41,0.325,small,0.3745,0.158,0.081,0.125,12
I,0.235,0.13,tiny,0.1585,0.0685,0.037000000000000005,0.0465,5
F,0.57,0.465,medium,0.8935,0.3145,0.2575,0.263,10
M,0.585,0.455,medium,0.953,0.3945,0.2685,0.258,10
M,0.555,0.405,large,1.406,0.6115,0.342,0.389,10
M,0.58,0.465,medium,,0.4405,0.1655,0.265,11
F,0.535,0.405,small,0.927,0.26,0.1425,0.345,16
F,0.53,0.385,small,0.6695,0.289,0.151,0.18,10
M,0.48,0.38,small,0.528,0.2,0.1395,0.16,14
F,0.575,0.42,large,1.764,0.914,0.377,0.4095,10
F,0.58,0.455,medium,,0.369,0.3005,0.275,13
M,0.545,0.41,small,,0.434,0.1405,0.19,9
M,0.535,0.42,medium,0.9195,0.3355,0.1985,0.26,16
F,0.62,0.475,medium,0.9545,0.455,0.1865,0.27699999999999997,9
I,0.275,0.2,tiny,0.092,0.0385,0.0235,0.027000000000000003,5
F,0.485,0.38,medium,,0.2155,0.14,0.18,15
I,0.275,0.205,tiny,0.096,0.036000000000000004,0.0185,0.03,6
I,0.555,0.435,medium,0.6975,0.262,0.1575,0.24,11
F,0.545,0.44,large,,0.2985,0.1875,0.265,11
M,0.735,0.57,large,2.2355,1.1705,0.46299999999999997,0.5315,10
M,0.75,0.595,large,2.2205,1.083,0.42100000000000004,0.63,12
M,0.56,0.43,medium,0.8675,0.4,0.172,0.22899999999999998,8
M,0.55,0.435,tiny,0.8059999999999999,0.3415,0.203,0.215,9
F,0.62,0.47,large,1.2255,0.381,0.27,0.435,23
F,0.66,0.52,large,1.676,0.6729999999999999,0.4805,0.45,17
M,0.61,0.48,medium,1.1495,0.564,0.27399999999999997,0.264,8
I,0.345,0.255,tiny,0.183,0.075,0.0385,0.06,6
I,0.44,0.305,tiny,0.379,0.162,0.091,0.11,9
F,0.645,0.52,large,1.5535,0.616,0.3655,0.474,16
I,0.3,0.23,tiny,0.11699999999999999,0.05,0.0175,0.0415,6
I,0.475,0.355,small,0.4775,0.2145,0.09,0.1435,8
I,0.175,0.13,tiny,0.0315,0.0105,0.0065,0.0125,5
F,0.62,0.485,large,1.2155,0.545,0.253,0.345,10
F,0.575,0.435,medium,0.8975,0.4115,0.2325,0.23,9
F,0.595,0.435,medium,0.9,0.4175,0.17,0.265,8
I,0.5,0.39,small,,0.294,0.132,0.1605,8
M,0.38,0.3,tiny,0.2505,0.106,0.0535,0.0775,8
M,0.475,0.375,small,0.563,0.2525,0.1205,0.185,10
F,0.515,0.395,small,0.516,0.2015,0.132,0.162,9
M,0.6,0.475,large,,0.5489999999999999,0.2875,0.36,11
F,0.61,0.49,large,1.137,0.4605,0.2825,0.344,12
I,0.11,0.09,tiny,0.008,0.0025,0.002,0.003,3
F,0.665,0.505,medium,1.2915,0.631,0.2925,0.32,11
I,0.495,0.38,medium,0.515,0.175,0.098,0.212,13
M,0.605,0.49,large,1.227,0.48,0.287,0.35,18
M,0.375,0.305,tiny,0.3245,0.1395,0.0565,0.095,5
F,0.585,0.455,medium,0.998,0.345,0.2495,0.315,12
I,0.515,0.39,small,0.5555,0.2,0.1135,0.2235,12
F,0.515,0.415,small,0.6935,0.3115,0.152,0.2,10
M,0.645,0.5,large,1.5105,0.6735,0.3755,0.3775,12
I,0.47,0.36,small,0.5225,0.198,0.1065,0.165,9
M,0.67,0.54,large,1.217,0.532,0.2735,0.3315,11
M,0.35,0.26,tiny,0.195,0.0745,0.040999999999999995,0.0655,9
M,0.55,0.44,medium,0.991,0.348,0.168,0.375,20
F,0.505,0.395,medium,0.6515,0.2695,0.153,0.205,15
M,0.565,0.455,large,0.9265,0.354,0.1575,0.375,16
I,0.62,0.47,medium,0.966,0.447,0.171,0.284,11
F,0.735,0.6,large,2.555,1.1335,0.44,0.6,11
I,0.48,0.35,tiny,0.519,0.2365,0.1275,0.126,7
I,0.52,0.39,small,0.5545,0.2355,0.1095,0.1895,7
M,0.51,0.4,small,0.6515,0.2455,0.1665,0.185,10
M,0.625,0.5,large,1.3705,0.645,0.303,0.3705,12
F,0.63,0.48,medium,1.0525,0.392,0.336,0.285,12
F,0.535,0.45,small,,0.322,0.18100000000000002,0.25,13
F,0.4,0.335,tiny,0.4335,0.2105,0.1205,0.12,10
M,0.59,0.44,medium,0.8725,0.387,0.215,0.245,8
I,0.56,0.44,small,0.7235,0.349,0.149,0.2,8
F,0.66,0.565,large,1.7605,0.6920000000000001,0.3265,0.5,16
I,0.33,0.265,tiny,0.196,0.0775,0.0305,0.0445,6
M,0.45,0.355,tiny,0.478,0.18,0.1185,0.155,10
F,0.48,0.37,small,0.5885,0.2475,0.1505,0.1595,15
I,0.41,0.325,tiny,0.326,0.1325,0.075,0.10099999999999999,8
F,0.72,0.575,large,1.6705,0.732,0.3605,0.501,12
M,0.415,0.315,tiny,0.3895,0.2015,0.065,0.10300000000000001,9
M,0.475,0.36,small,,0.2825,0.12,0.17,8
F,0.67,0.525,large,1.527,0.5755,0.353,0.44,12
M,0.52,0.385,small,0.6595,0.2485,0.2035,0.16,9
I,0.5,0.385,medium,0.762,0.3795,0.161,0.19,14
M,0.44,0.335,tiny,,0.157,0.096,0.122,9
F,0.58,0.46,medium,1.1155,0.5575,0.2255,0.29,7
M,0.555,0.44,small,0.9025,0.3805,0.2105,0.28,13
F,0.615,0.46,medium,1.0265,0.4935,0.201,0.2745,10
F,0.585,0.465,large,0.9915,0.3865,0.22399999999999998,0.265,12
I,0.375,0.3,tiny,0.14400000000000002,0.059000000000000004,0.03,0.044000000000000004,7
M,0.395,0.305,tiny,,0.0975,0.065,0.096,9
M,0.625,0.47,medium,1.7855,0.675,0.247,0.3245,13
F,0.525,0.4,small,0.7140000000000001,0.318,0.138,0.20800000000000002,10
I,0.37,0.28,tiny,0.2655,0.122,0.052000000000000005,0.08,7
I,0.55,0.435,small,0.741,0.348,0.1585,0.20600000000000002,9
I,0.315,0.235,tiny,0.149,0.057999999999999996,0.0325,0.047,7
I,0.5,0.38,small,0.594,0.2945,0.10400000000000001,0.1565,9
F,0.61,0.46,medium,1.1185,0.478,0.2945,0.2985,10
I,0.36,0.285,tiny,0.2415,0.0915,0.057,0.075,7
I,0.36,0.265,tiny,0.2055,0.096,0.037000000000000005,0.0585,7
I,0.4,0.315,tiny,0.3245,0.151,0.073,0.08800000000000001,8
I,0.355,0.275,tiny,0.22,0.092,0.06,0.15,8
F,0.585,0.46,large,1.0835,0.3745,0.326,0.325,14
M,0.6,0.47,large,1.105,0.4865,0.247,0.315,15
I,0.285,0.21,tiny,0.10099999999999999,0.0415,0.017,0.0335,5
M,0.26,0.19,tiny,0.0945,0.0445,0.02,0.03,6
I,0.2,0.15,tiny,0.046,0.021,0.006999999999999999,0.0065,4
I,0.46,0.35,tiny,0.4,0.17600000000000002,0.083,0.1205,7
I,0.36,0.265,tiny,0.1845,0.083,0.0365,0.055,7
M,0.685,0.53,large,1.56,0.647,0.38299999999999995,0.465,11
I,0.395,0.3,tiny,0.253,0.1155,0.05,0.075,6
